Test Instance,Graph,Flow Cost,Dual Cost,Time (sec)
0,sf-market-500,24807.695,0.0,0.01303008794784546
1,sf-market-500,3918.287,0.0,0.01303008794784546
2,sf-market-500,28998.246,0.0,0.01303008794784546
3,sf-market-500,6159.4775,0.0,0.01303008794784546
4,sf-market-500,9929.67,0.0,0.01303008794784546
5,sf-market-500,5486.8857,0.0,0.01303008794784546
6,sf-market-500,20060.848,0.0,0.01303008794784546
7,sf-market-500,11198.898,0.0,0.01303008794784546
8,sf-market-500,3118.2114,0.0,0.01303008794784546
9,sf-market-500,19902.268,0.0,0.01303008794784546
10,sf-market-500,1075.6471,0.0,0.01303008794784546
11,sf-market-500,7075.675,0.0,0.01303008794784546
12,sf-market-500,5802.3853,0.0,0.01303008794784546
13,sf-market-500,4852.188,0.0,0.01303008794784546
14,sf-market-500,7635.8286,0.0,0.01303008794784546
15,sf-market-500,180.39182,0.0,0.01303008794784546
16,sf-market-500,7285.8066,0.0,0.01303008794784546
17,sf-market-500,235.26556,0.0,0.01303008794784546
18,sf-market-500,2119.0159,0.0,0.01303008794784546
19,sf-market-500,28704.7,0.0,0.01303008794784546
20,sf-market-500,5181.9053,0.0,0.01303008794784546
21,sf-market-500,4767.617,0.0,0.01303008794784546
22,sf-market-500,16325.242,0.0,0.01303008794784546
23,sf-market-500,1297.6255,0.0,0.01303008794784546
24,sf-market-500,5769.927,0.0,0.01303008794784546
25,sf-market-500,597.4743,0.0,0.01303008794784546
26,sf-market-500,8444.145,0.0,0.01303008794784546
27,sf-market-500,257.51935,0.0,0.01303008794784546
28,sf-market-500,19184.637,0.0,0.01303008794784546
29,sf-market-500,20814.14,0.0,0.01303008794784546
30,sf-market-500,283.27106,0.0,0.01303008794784546
31,sf-market-500,601.32336,0.0,0.01303008794784546
32,sf-market-500,23776.293,0.0,0.01303008794784546
33,sf-market-500,2597.752,0.0,0.01303008794784546
34,sf-market-500,10735.701,0.0,0.01303008794784546
35,sf-market-500,935.4857,0.0,0.01303008794784546
36,sf-market-500,10397.259,0.0,0.01303008794784546
37,sf-market-500,2992.3071,0.0,0.01303008794784546
38,sf-market-500,5282.136,0.0,0.01303008794784546
39,sf-market-500,1191.8303,0.0,0.01303008794784546
40,sf-market-500,2612.283,0.0,0.01303008794784546
41,sf-market-500,10950.18,0.0,0.01303008794784546
42,sf-market-500,19940.207,0.0,0.01303008794784546
43,sf-market-500,3136.879,0.0,0.01303008794784546
44,sf-market-500,207.4571,0.0,0.01303008794784546
45,sf-market-500,1095.3593,0.0,0.01303008794784546
46,sf-market-500,13226.117,0.0,0.01303008794784546
47,sf-market-500,258.15686,0.0,0.01303008794784546
48,sf-market-500,5585.455,0.0,0.01303008794784546
49,sf-market-500,28906.215,0.0,0.01303008794784546
50,sf-market-500,5433.4834,0.0,0.01303008794784546
51,sf-market-500,282.19864,0.0,0.01303008794784546
52,sf-market-500,1936.9087,0.0,0.01303008794784546
53,sf-market-500,6652.953,0.0,0.01303008794784546
54,sf-market-500,435.47922,0.0,0.01303008794784546
55,sf-market-500,580.60095,0.0,0.01303008794784546
56,sf-market-500,2147.9297,0.0,0.01303008794784546
57,sf-market-500,16716.527,0.0,0.01303008794784546
58,sf-market-500,14449.203,0.0,0.01303008794784546
59,sf-market-500,2425.709,0.0,0.01303008794784546
60,sf-market-500,21319.805,0.0,0.01303008794784546
61,sf-market-500,6020.4414,0.0,0.01303008794784546
62,sf-market-500,17683.2,0.0,0.01303008794784546
63,sf-market-500,7420.369,0.0,0.01303008794784546
64,sf-market-500,5004.172,0.0,0.01303008794784546
65,sf-market-500,5046.5947,0.0,0.01303008794784546
66,sf-market-500,18863.547,0.0,0.01303008794784546
67,sf-market-500,9861.661,0.0,0.01303008794784546
68,sf-market-500,4887.825,0.0,0.01303008794784546
69,sf-market-500,23510.137,0.0,0.01303008794784546
70,sf-market-500,11295.936,0.0,0.01303008794784546
71,sf-market-500,3532.3516,0.0,0.01303008794784546
72,sf-market-500,12995.965,0.0,0.01303008794784546
73,sf-market-500,8943.186,0.0,0.01303008794784546
74,sf-market-500,7030.0596,0.0,0.01303008794784546
75,sf-market-500,572.03577,0.0,0.01303008794784546
76,sf-market-500,2277.3728,0.0,0.01303008794784546
77,sf-market-500,2115.703,0.0,0.01303008794784546
78,sf-market-500,7359.383,0.0,0.01303008794784546
79,sf-market-500,2459.4658,0.0,0.01303008794784546
80,sf-market-500,1796.3667,0.0,0.01303008794784546
81,sf-market-500,156.13336,0.0,0.01303008794784546
82,sf-market-500,8784.813,0.0,0.01303008794784546
83,sf-market-500,25874.215,0.0,0.01303008794784546
84,sf-market-500,7433.4736,0.0,0.01303008794784546
85,sf-market-500,2263.837,0.0,0.01303008794784546
86,sf-market-500,1852.885,0.0,0.01303008794784546
87,sf-market-500,119.1647,0.0,0.01303008794784546
88,sf-market-500,18022.996,0.0,0.01303008794784546
89,sf-market-500,252.90555,0.0,0.01303008794784546
90,sf-market-500,14601.85,0.0,0.01303008794784546
91,sf-market-500,697.5602,0.0,0.01303008794784546
92,sf-market-500,13569.092,0.0,0.01303008794784546
93,sf-market-500,6099.118,0.0,0.01303008794784546
94,sf-market-500,19368.879,0.0,0.01303008794784546
95,sf-market-500,1838.1777,0.0,0.01303008794784546
96,sf-market-500,1386.1997,0.0,0.01303008794784546
97,sf-market-500,5300.5547,0.0,0.01303008794784546
98,sf-market-500,3659.927,0.0,0.01303008794784546
99,sf-market-500,5635.1543,0.0,0.01303008794784546
100,sf-market-500,7289.4146,0.0,0.012915825843811036
101,sf-market-500,15181.114,0.0,0.012915825843811036
102,sf-market-500,7476.0176,0.0,0.012915825843811036
103,sf-market-500,4778.0845,0.0,0.012915825843811036
104,sf-market-500,104.73604,0.0,0.012915825843811036
105,sf-market-500,3113.8242,0.0,0.012915825843811036
106,sf-market-500,3431.3196,0.0,0.012915825843811036
107,sf-market-500,9576.268,0.0,0.012915825843811036
108,sf-market-500,343.33304,0.0,0.012915825843811036
109,sf-market-500,6834.46,0.0,0.012915825843811036
110,sf-market-500,15059.096,0.0,0.012915825843811036
111,sf-market-500,1211.6074,0.0,0.012915825843811036
112,sf-market-500,13782.399,0.0,0.012915825843811036
113,sf-market-500,2484.952,0.0,0.012915825843811036
114,sf-market-500,3253.3823,0.0,0.012915825843811036
115,sf-market-500,5276.63,0.0,0.012915825843811036
116,sf-market-500,5176.911,0.0,0.012915825843811036
117,sf-market-500,1259.9929,0.0,0.012915825843811036
118,sf-market-500,1229.3735,0.0,0.012915825843811036
119,sf-market-500,14369.469,0.0,0.012915825843811036
120,sf-market-500,14057.973,0.0,0.012915825843811036
121,sf-market-500,9027.2295,0.0,0.012915825843811036
122,sf-market-500,5993.295,0.0,0.012915825843811036
123,sf-market-500,3967.3079,0.0,0.012915825843811036
124,sf-market-500,3746.4883,0.0,0.012915825843811036
125,sf-market-500,30202.508,0.0,0.012915825843811036
126,sf-market-500,4373.7,0.0,0.012915825843811036
127,sf-market-500,19953.27,0.0,0.012915825843811036
128,sf-market-500,1571.9329,0.0,0.012915825843811036
129,sf-market-500,14304.364,0.0,0.012915825843811036
130,sf-market-500,17038.518,0.0,0.012915825843811036
131,sf-market-500,14705.83,0.0,0.012915825843811036
132,sf-market-500,8717.779,0.0,0.012915825843811036
133,sf-market-500,3281.9219,0.0,0.012915825843811036
134,sf-market-500,121.56407,0.0,0.012915825843811036
135,sf-market-500,12147.096,0.0,0.012915825843811036
136,sf-market-500,297.3248,0.0,0.012915825843811036
137,sf-market-500,14271.694,0.0,0.012915825843811036
138,sf-market-500,10139.101,0.0,0.012915825843811036
139,sf-market-500,10787.231,0.0,0.012915825843811036
140,sf-market-500,3223.1729,0.0,0.012915825843811036
141,sf-market-500,29978.164,0.0,0.012915825843811036
142,sf-market-500,3825.9263,0.0,0.012915825843811036
143,sf-market-500,35381.9,0.0,0.012915825843811036
144,sf-market-500,10110.681,0.0,0.012915825843811036
145,sf-market-500,2493.6235,0.0,0.012915825843811036
146,sf-market-500,591.07166,0.0,0.012915825843811036
147,sf-market-500,16705.277,0.0,0.012915825843811036
148,sf-market-500,5095.234,0.0,0.012915825843811036
149,sf-market-500,413.1224,0.0,0.012915825843811036
150,sf-market-500,169.44171,0.0,0.012915825843811036
151,sf-market-500,411.3534,0.0,0.012915825843811036
152,sf-market-500,2699.7366,0.0,0.012915825843811036
153,sf-market-500,97.42047,0.0,0.012915825843811036
154,sf-market-500,4154.9097,0.0,0.012915825843811036
155,sf-market-500,567.4525,0.0,0.012915825843811036
156,sf-market-500,14652.988,0.0,0.012915825843811036
157,sf-market-500,5362.216,0.0,0.012915825843811036
158,sf-market-500,4716.757,0.0,0.012915825843811036
159,sf-market-500,82.63173,0.0,0.012915825843811036
160,sf-market-500,7813.672,0.0,0.012915825843811036
161,sf-market-500,3924.5327,0.0,0.012915825843811036
162,sf-market-500,11692.871,0.0,0.012915825843811036
163,sf-market-500,21275.54,0.0,0.012915825843811036
164,sf-market-500,5730.492,0.0,0.012915825843811036
165,sf-market-500,10502.913,0.0,0.012915825843811036
166,sf-market-500,22534.129,0.0,0.012915825843811036
167,sf-market-500,458.1551,0.0,0.012915825843811036
168,sf-market-500,16552.262,0.0,0.012915825843811036
169,sf-market-500,2684.7666,0.0,0.012915825843811036
170,sf-market-500,18168.559,0.0,0.012915825843811036
171,sf-market-500,2787.7761,0.0,0.012915825843811036
172,sf-market-500,3509.266,0.0,0.012915825843811036
173,sf-market-500,442.22165,0.0,0.012915825843811036
174,sf-market-500,13461.27,0.0,0.012915825843811036
175,sf-market-500,462.70175,0.0,0.012915825843811036
176,sf-market-500,869.315,0.0,0.012915825843811036
177,sf-market-500,4937.7036,0.0,0.012915825843811036
178,sf-market-500,8685.042,0.0,0.012915825843811036
179,sf-market-500,9011.566,0.0,0.012915825843811036
180,sf-market-500,77.24218,0.0,0.012915825843811036
181,sf-market-500,1601.929,0.0,0.012915825843811036
182,sf-market-500,12335.013,0.0,0.012915825843811036
183,sf-market-500,10826.752,0.0,0.012915825843811036
184,sf-market-500,4089.0134,0.0,0.012915825843811036
185,sf-market-500,947.86475,0.0,0.012915825843811036
186,sf-market-500,5888.7676,0.0,0.012915825843811036
187,sf-market-500,4477.9683,0.0,0.012915825843811036
188,sf-market-500,1725.288,0.0,0.012915825843811036
189,sf-market-500,12747.871,0.0,0.012915825843811036
190,sf-market-500,8561.726,0.0,0.012915825843811036
191,sf-market-500,28726.652,0.0,0.012915825843811036
192,sf-market-500,3299.0537,0.0,0.012915825843811036
193,sf-market-500,532.54895,0.0,0.012915825843811036
194,sf-market-500,14939.879,0.0,0.012915825843811036
195,sf-market-500,1654.0597,0.0,0.012915825843811036
196,sf-market-500,6601.936,0.0,0.012915825843811036
197,sf-market-500,21946.137,0.0,0.012915825843811036
198,sf-market-500,10257.6,0.0,0.012915825843811036
199,sf-market-500,6452.867,0.0,0.012915825843811036
200,sf-market-500,15409.539,0.0,0.01262580394744873
201,sf-market-500,2901.046,0.0,0.01262580394744873
202,sf-market-500,15811.58,0.0,0.01262580394744873
203,sf-market-500,4553.895,0.0,0.01262580394744873
204,sf-market-500,17149.805,0.0,0.01262580394744873
205,sf-market-500,2921.247,0.0,0.01262580394744873
206,sf-market-500,15129.828,0.0,0.01262580394744873
207,sf-market-500,4994.2085,0.0,0.01262580394744873
208,sf-market-500,12043.727,0.0,0.01262580394744873
209,sf-market-500,8176.9995,0.0,0.01262580394744873
210,sf-market-500,7325.6777,0.0,0.01262580394744873
211,sf-market-500,401.9217,0.0,0.01262580394744873
212,sf-market-500,908.49054,0.0,0.01262580394744873
213,sf-market-500,10716.689,0.0,0.01262580394744873
214,sf-market-500,17173.82,0.0,0.01262580394744873
215,sf-market-500,10616.161,0.0,0.01262580394744873
216,sf-market-500,21859.098,0.0,0.01262580394744873
217,sf-market-500,48.999058,0.0,0.01262580394744873
218,sf-market-500,2417.6152,0.0,0.01262580394744873
219,sf-market-500,575.3696,0.0,0.01262580394744873
220,sf-market-500,189.2457,0.0,0.01262580394744873
221,sf-market-500,8924.645,0.0,0.01262580394744873
222,sf-market-500,9560.076,0.0,0.01262580394744873
223,sf-market-500,4943.8564,0.0,0.01262580394744873
224,sf-market-500,12688.367,0.0,0.01262580394744873
225,sf-market-500,7335.149,0.0,0.01262580394744873
226,sf-market-500,5634.295,0.0,0.01262580394744873
227,sf-market-500,2387.8286,0.0,0.01262580394744873
228,sf-market-500,7355.321,0.0,0.01262580394744873
229,sf-market-500,14351.921,0.0,0.01262580394744873
230,sf-market-500,337.86655,0.0,0.01262580394744873
231,sf-market-500,2116.184,0.0,0.01262580394744873
232,sf-market-500,2096.4963,0.0,0.01262580394744873
233,sf-market-500,1172.8057,0.0,0.01262580394744873
234,sf-market-500,668.4536,0.0,0.01262580394744873
235,sf-market-500,8546.268,0.0,0.01262580394744873
236,sf-market-500,18190.904,0.0,0.01262580394744873
237,sf-market-500,7057.2334,0.0,0.01262580394744873
238,sf-market-500,7807.1426,0.0,0.01262580394744873
239,sf-market-500,10356.436,0.0,0.01262580394744873
240,sf-market-500,24776.61,0.0,0.01262580394744873
241,sf-market-500,15920.888,0.0,0.01262580394744873
242,sf-market-500,5251.7656,0.0,0.01262580394744873
243,sf-market-500,4458.67,0.0,0.01262580394744873
244,sf-market-500,13496.834,0.0,0.01262580394744873
245,sf-market-500,4981.2827,0.0,0.01262580394744873
246,sf-market-500,4184.204,0.0,0.01262580394744873
247,sf-market-500,19205.654,0.0,0.01262580394744873
248,sf-market-500,7281.0537,0.0,0.01262580394744873
249,sf-market-500,1651.9432,0.0,0.01262580394744873
250,sf-market-500,21949.941,0.0,0.01262580394744873
251,sf-market-500,20466.59,0.0,0.01262580394744873
252,sf-market-500,16566.758,0.0,0.01262580394744873
253,sf-market-500,113.76104,0.0,0.01262580394744873
254,sf-market-500,4781.1426,0.0,0.01262580394744873
255,sf-market-500,33288.69,0.0,0.01262580394744873
256,sf-market-500,10195.412,0.0,0.01262580394744873
257,sf-market-500,5774.481,0.0,0.01262580394744873
258,sf-market-500,5640.4365,0.0,0.01262580394744873
259,sf-market-500,3197.1318,0.0,0.01262580394744873
260,sf-market-500,4570.66,0.0,0.01262580394744873
261,sf-market-500,1383.8243,0.0,0.01262580394744873
262,sf-market-500,13117.999,0.0,0.01262580394744873
263,sf-market-500,2303.5732,0.0,0.01262580394744873
264,sf-market-500,792.4093,0.0,0.01262580394744873
265,sf-market-500,2545.479,0.0,0.01262580394744873
266,sf-market-500,16023.746,0.0,0.01262580394744873
267,sf-market-500,5779.746,0.0,0.01262580394744873
268,sf-market-500,11203.526,0.0,0.01262580394744873
269,sf-market-500,3584.2014,0.0,0.01262580394744873
270,sf-market-500,8069.3555,0.0,0.01262580394744873
271,sf-market-500,1037.1055,0.0,0.01262580394744873
272,sf-market-500,20820.275,0.0,0.01262580394744873
273,sf-market-500,9245.767,0.0,0.01262580394744873
274,sf-market-500,1177.4973,0.0,0.01262580394744873
275,sf-market-500,11283.896,0.0,0.01262580394744873
276,sf-market-500,2618.5566,0.0,0.01262580394744873
277,sf-market-500,4416.6313,0.0,0.01262580394744873
278,sf-market-500,2936.9568,0.0,0.01262580394744873
279,sf-market-500,3857.8208,0.0,0.01262580394744873
280,sf-market-500,12244.866,0.0,0.01262580394744873
281,sf-market-500,1754.7555,0.0,0.01262580394744873
282,sf-market-500,7082.229,0.0,0.01262580394744873
283,sf-market-500,186.92178,0.0,0.01262580394744873
284,sf-market-500,3239.5872,0.0,0.01262580394744873
285,sf-market-500,26824.545,0.0,0.01262580394744873
286,sf-market-500,15049.988,0.0,0.01262580394744873
287,sf-market-500,3100.1294,0.0,0.01262580394744873
288,sf-market-500,9601.144,0.0,0.01262580394744873
289,sf-market-500,19083.2,0.0,0.01262580394744873
290,sf-market-500,901.13385,0.0,0.01262580394744873
291,sf-market-500,7400.248,0.0,0.01262580394744873
292,sf-market-500,1139.036,0.0,0.01262580394744873
293,sf-market-500,12189.516,0.0,0.01262580394744873
294,sf-market-500,9993.762,0.0,0.01262580394744873
295,sf-market-500,21522.803,0.0,0.01262580394744873
296,sf-market-500,18428.709,0.0,0.01262580394744873
297,sf-market-500,14215.859,0.0,0.01262580394744873
298,sf-market-500,304.74756,0.0,0.01262580394744873
299,sf-market-500,2199.5469,0.0,0.01262580394744873
300,sf-market-500,3569.139,0.0,0.012974209785461426
301,sf-market-500,2230.3843,0.0,0.012974209785461426
302,sf-market-500,10462.449,0.0,0.012974209785461426
303,sf-market-500,1346.6038,0.0,0.012974209785461426
304,sf-market-500,2002.3457,0.0,0.012974209785461426
305,sf-market-500,132.0374,0.0,0.012974209785461426
306,sf-market-500,4374.4443,0.0,0.012974209785461426
307,sf-market-500,4621.632,0.0,0.012974209785461426
308,sf-market-500,25442.371,0.0,0.012974209785461426
309,sf-market-500,1122.1014,0.0,0.012974209785461426
310,sf-market-500,13895.758,0.0,0.012974209785461426
311,sf-market-500,11227.234,0.0,0.012974209785461426
312,sf-market-500,14264.561,0.0,0.012974209785461426
313,sf-market-500,6894.4746,0.0,0.012974209785461426
314,sf-market-500,5282.657,0.0,0.012974209785461426
315,sf-market-500,4427.961,0.0,0.012974209785461426
316,sf-market-500,2404.4734,0.0,0.012974209785461426
317,sf-market-500,4574.753,0.0,0.012974209785461426
318,sf-market-500,89.17134,0.0,0.012974209785461426
319,sf-market-500,8094.91,0.0,0.012974209785461426
320,sf-market-500,3642.0596,0.0,0.012974209785461426
321,sf-market-500,15398.875,0.0,0.012974209785461426
322,sf-market-500,5144.252,0.0,0.012974209785461426
323,sf-market-500,1072.4441,0.0,0.012974209785461426
324,sf-market-500,1380.4933,0.0,0.012974209785461426
325,sf-market-500,9467.379,0.0,0.012974209785461426
326,sf-market-500,13789.26,0.0,0.012974209785461426
327,sf-market-500,1999.6288,0.0,0.012974209785461426
328,sf-market-500,14151.289,0.0,0.012974209785461426
329,sf-market-500,4875.563,0.0,0.012974209785461426
330,sf-market-500,267.88757,0.0,0.012974209785461426
331,sf-market-500,354.43256,0.0,0.012974209785461426
332,sf-market-500,387.19232,0.0,0.012974209785461426
333,sf-market-500,12926.805,0.0,0.012974209785461426
334,sf-market-500,11472.227,0.0,0.012974209785461426
335,sf-market-500,6111.5264,0.0,0.012974209785461426
336,sf-market-500,1506.2368,0.0,0.012974209785461426
337,sf-market-500,360.80734,0.0,0.012974209785461426
338,sf-market-500,6413.6646,0.0,0.012974209785461426
339,sf-market-500,1932.703,0.0,0.012974209785461426
340,sf-market-500,9930.7,0.0,0.012974209785461426
341,sf-market-500,10395.057,0.0,0.012974209785461426
342,sf-market-500,198.97742,0.0,0.012974209785461426
343,sf-market-500,5935.278,0.0,0.012974209785461426
344,sf-market-500,2928.8298,0.0,0.012974209785461426
345,sf-market-500,3621.1428,0.0,0.012974209785461426
346,sf-market-500,11331.965,0.0,0.012974209785461426
347,sf-market-500,202.98524,0.0,0.012974209785461426
348,sf-market-500,5173.9214,0.0,0.012974209785461426
349,sf-market-500,13379.205,0.0,0.012974209785461426
350,sf-market-500,4948.0527,0.0,0.012974209785461426
351,sf-market-500,243.07806,0.0,0.012974209785461426
352,sf-market-500,4535.4688,0.0,0.012974209785461426
353,sf-market-500,4180.342,0.0,0.012974209785461426
354,sf-market-500,2276.544,0.0,0.012974209785461426
355,sf-market-500,104.502106,0.0,0.012974209785461426
356,sf-market-500,2141.815,0.0,0.012974209785461426
357,sf-market-500,11030.137,0.0,0.012974209785461426
358,sf-market-500,12099.908,0.0,0.012974209785461426
359,sf-market-500,3813.317,0.0,0.012974209785461426
360,sf-market-500,33058.227,0.0,0.012974209785461426
361,sf-market-500,2523.7146,0.0,0.012974209785461426
362,sf-market-500,546.3911,0.0,0.012974209785461426
363,sf-market-500,13600.515,0.0,0.012974209785461426
364,sf-market-500,20389.006,0.0,0.012974209785461426
365,sf-market-500,21049.447,0.0,0.012974209785461426
366,sf-market-500,21629.004,0.0,0.012974209785461426
367,sf-market-500,10312.801,0.0,0.012974209785461426
368,sf-market-500,337.5533,0.0,0.012974209785461426
369,sf-market-500,4736.373,0.0,0.012974209785461426
370,sf-market-500,5591.513,0.0,0.012974209785461426
371,sf-market-500,10472.564,0.0,0.012974209785461426
372,sf-market-500,4241.1343,0.0,0.012974209785461426
373,sf-market-500,7002.573,0.0,0.012974209785461426
374,sf-market-500,4970.666,0.0,0.012974209785461426
375,sf-market-500,752.1927,0.0,0.012974209785461426
376,sf-market-500,5514.5283,0.0,0.012974209785461426
377,sf-market-500,4941.4736,0.0,0.012974209785461426
378,sf-market-500,18796.865,0.0,0.012974209785461426
379,sf-market-500,3203.7705,0.0,0.012974209785461426
380,sf-market-500,5342.5796,0.0,0.012974209785461426
381,sf-market-500,2604.519,0.0,0.012974209785461426
382,sf-market-500,934.2999,0.0,0.012974209785461426
383,sf-market-500,20599.955,0.0,0.012974209785461426
384,sf-market-500,3015.9307,0.0,0.012974209785461426
385,sf-market-500,27960.078,0.0,0.012974209785461426
386,sf-market-500,4700.9717,0.0,0.012974209785461426
387,sf-market-500,108.62976,0.0,0.012974209785461426
388,sf-market-500,210.95042,0.0,0.012974209785461426
389,sf-market-500,13636.388,0.0,0.012974209785461426
390,sf-market-500,10096.064,0.0,0.012974209785461426
391,sf-market-500,4195.042,0.0,0.012974209785461426
392,sf-market-500,17877.645,0.0,0.012974209785461426
393,sf-market-500,4710.231,0.0,0.012974209785461426
394,sf-market-500,14309.195,0.0,0.012974209785461426
395,sf-market-500,880.7721,0.0,0.012974209785461426
396,sf-market-500,3942.8782,0.0,0.012974209785461426
397,sf-market-500,8377.203,0.0,0.012974209785461426
398,sf-market-500,4272.1387,0.0,0.012974209785461426
399,sf-market-500,14345.885,0.0,0.012974209785461426
400,sf-market-500,2265.537,0.0,0.013504958152770996
401,sf-market-500,2990.5742,0.0,0.013504958152770996
402,sf-market-500,4363.119,0.0,0.013504958152770996
403,sf-market-500,209.98582,0.0,0.013504958152770996
404,sf-market-500,4304.3086,0.0,0.013504958152770996
405,sf-market-500,11497.0625,0.0,0.013504958152770996
406,sf-market-500,14295.79,0.0,0.013504958152770996
407,sf-market-500,1360.3756,0.0,0.013504958152770996
408,sf-market-500,747.7971,0.0,0.013504958152770996
409,sf-market-500,43110.3,0.0,0.013504958152770996
410,sf-market-500,2266.7786,0.0,0.013504958152770996
411,sf-market-500,7761.3228,0.0,0.013504958152770996
412,sf-market-500,6034.087,0.0,0.013504958152770996
413,sf-market-500,6668.636,0.0,0.013504958152770996
414,sf-market-500,515.4391,0.0,0.013504958152770996
415,sf-market-500,225.32619,0.0,0.013504958152770996
416,sf-market-500,781.1256,0.0,0.013504958152770996
417,sf-market-500,2693.5378,0.0,0.013504958152770996
418,sf-market-500,890.7754,0.0,0.013504958152770996
419,sf-market-500,407.34268,0.0,0.013504958152770996
420,sf-market-500,14962.917,0.0,0.013504958152770996
421,sf-market-500,4897.4756,0.0,0.013504958152770996
422,sf-market-500,312.30084,0.0,0.013504958152770996
423,sf-market-500,470.15326,0.0,0.013504958152770996
424,sf-market-500,854.8742,0.0,0.013504958152770996
425,sf-market-500,29016.773,0.0,0.013504958152770996
426,sf-market-500,16400.969,0.0,0.013504958152770996
427,sf-market-500,8207.798,0.0,0.013504958152770996
428,sf-market-500,1057.0522,0.0,0.013504958152770996
429,sf-market-500,8221.154,0.0,0.013504958152770996
430,sf-market-500,1716.91,0.0,0.013504958152770996
431,sf-market-500,7748.3716,0.0,0.013504958152770996
432,sf-market-500,2567.3267,0.0,0.013504958152770996
433,sf-market-500,4416.771,0.0,0.013504958152770996
434,sf-market-500,4450.339,0.0,0.013504958152770996
435,sf-market-500,8694.002,0.0,0.013504958152770996
436,sf-market-500,2397.9795,0.0,0.013504958152770996
437,sf-market-500,1713.6023,0.0,0.013504958152770996
438,sf-market-500,20140.03,0.0,0.013504958152770996
439,sf-market-500,36317.953,0.0,0.013504958152770996
440,sf-market-500,11573.809,0.0,0.013504958152770996
441,sf-market-500,4032.4077,0.0,0.013504958152770996
442,sf-market-500,2413.2385,0.0,0.013504958152770996
443,sf-market-500,5530.9346,0.0,0.013504958152770996
444,sf-market-500,32131.318,0.0,0.013504958152770996
445,sf-market-500,928.7199,0.0,0.013504958152770996
446,sf-market-500,5017.8228,0.0,0.013504958152770996
447,sf-market-500,12323.52,0.0,0.013504958152770996
448,sf-market-500,6520.526,0.0,0.013504958152770996
449,sf-market-500,9711.923,0.0,0.013504958152770996
450,sf-market-500,21449.38,0.0,0.013504958152770996
451,sf-market-500,19109.018,0.0,0.013504958152770996
452,sf-market-500,148.47385,0.0,0.013504958152770996
453,sf-market-500,457.3255,0.0,0.013504958152770996
454,sf-market-500,531.5964,0.0,0.013504958152770996
455,sf-market-500,4248.77,0.0,0.013504958152770996
456,sf-market-500,160.60626,0.0,0.013504958152770996
457,sf-market-500,621.1922,0.0,0.013504958152770996
458,sf-market-500,1461.2421,0.0,0.013504958152770996
459,sf-market-500,11719.851,0.0,0.013504958152770996
460,sf-market-500,998.5477,0.0,0.013504958152770996
461,sf-market-500,10777.189,0.0,0.013504958152770996
462,sf-market-500,2951.4326,0.0,0.013504958152770996
463,sf-market-500,8045.491,0.0,0.013504958152770996
464,sf-market-500,6003.875,0.0,0.013504958152770996
465,sf-market-500,56.928093,0.0,0.013504958152770996
466,sf-market-500,1533.3644,0.0,0.013504958152770996
467,sf-market-500,3578.311,0.0,0.013504958152770996
468,sf-market-500,11791.338,0.0,0.013504958152770996
469,sf-market-500,12169.017,0.0,0.013504958152770996
470,sf-market-500,2725.8284,0.0,0.013504958152770996
471,sf-market-500,17914.371,0.0,0.013504958152770996
472,sf-market-500,4433.177,0.0,0.013504958152770996
473,sf-market-500,5620.724,0.0,0.013504958152770996
474,sf-market-500,9537.242,0.0,0.013504958152770996
475,sf-market-500,25366.188,0.0,0.013504958152770996
476,sf-market-500,8413.347,0.0,0.013504958152770996
477,sf-market-500,1198.302,0.0,0.013504958152770996
478,sf-market-500,5090.7876,0.0,0.013504958152770996
479,sf-market-500,7706.5083,0.0,0.013504958152770996
480,sf-market-500,8679.461,0.0,0.013504958152770996
481,sf-market-500,21382.729,0.0,0.013504958152770996
482,sf-market-500,1906.6924,0.0,0.013504958152770996
483,sf-market-500,273.59894,0.0,0.013504958152770996
484,sf-market-500,253.72804,0.0,0.013504958152770996
485,sf-market-500,1494.994,0.0,0.013504958152770996
486,sf-market-500,1064.4321,0.0,0.013504958152770996
487,sf-market-500,4751.1455,0.0,0.013504958152770996
488,sf-market-500,6205.122,0.0,0.013504958152770996
489,sf-market-500,27221.23,0.0,0.013504958152770996
490,sf-market-500,323.19772,0.0,0.013504958152770996
491,sf-market-500,16878.2,0.0,0.013504958152770996
492,sf-market-500,832.487,0.0,0.013504958152770996
493,sf-market-500,7341.548,0.0,0.013504958152770996
494,sf-market-500,124.20413,0.0,0.013504958152770996
495,sf-market-500,1352.8091,0.0,0.013504958152770996
496,sf-market-500,8466.68,0.0,0.013504958152770996
497,sf-market-500,21712.941,0.0,0.013504958152770996
498,sf-market-500,8349.771,0.0,0.013504958152770996
499,sf-market-500,7055.961,0.0,0.013504958152770996
500,sf-market-500,10695.413,0.0,0.013367257118225097
501,sf-market-500,3066.993,0.0,0.013367257118225097
502,sf-market-500,4136.172,0.0,0.013367257118225097
503,sf-market-500,6590.0205,0.0,0.013367257118225097
504,sf-market-500,9202.952,0.0,0.013367257118225097
505,sf-market-500,82.72664,0.0,0.013367257118225097
506,sf-market-500,5681.5137,0.0,0.013367257118225097
507,sf-market-500,494.1718,0.0,0.013367257118225097
508,sf-market-500,14098.822,0.0,0.013367257118225097
509,sf-market-500,5352.028,0.0,0.013367257118225097
510,sf-market-500,24277.5,0.0,0.013367257118225097
511,sf-market-500,3479.309,0.0,0.013367257118225097
512,sf-market-500,2794.4487,0.0,0.013367257118225097
513,sf-market-500,2991.5745,0.0,0.013367257118225097
514,sf-market-500,219.4093,0.0,0.013367257118225097
515,sf-market-500,317.30066,0.0,0.013367257118225097
516,sf-market-500,6272.2246,0.0,0.013367257118225097
517,sf-market-500,4779.336,0.0,0.013367257118225097
518,sf-market-500,2072.049,0.0,0.013367257118225097
519,sf-market-500,20197.23,0.0,0.013367257118225097
520,sf-market-500,9582.221,0.0,0.013367257118225097
521,sf-market-500,172.00906,0.0,0.013367257118225097
522,sf-market-500,11883.16,0.0,0.013367257118225097
523,sf-market-500,19858.861,0.0,0.013367257118225097
524,sf-market-500,4933.294,0.0,0.013367257118225097
525,sf-market-500,176.53929,0.0,0.013367257118225097
526,sf-market-500,6097.0303,0.0,0.013367257118225097
527,sf-market-500,36465.586,0.0,0.013367257118225097
528,sf-market-500,327.34818,0.0,0.013367257118225097
529,sf-market-500,4423.7983,0.0,0.013367257118225097
530,sf-market-500,5119.8906,0.0,0.013367257118225097
531,sf-market-500,26194.055,0.0,0.013367257118225097
532,sf-market-500,282.16077,0.0,0.013367257118225097
533,sf-market-500,340.90656,0.0,0.013367257118225097
534,sf-market-500,1450.55,0.0,0.013367257118225097
535,sf-market-500,1400.7744,0.0,0.013367257118225097
536,sf-market-500,12964.146,0.0,0.013367257118225097
537,sf-market-500,4299.302,0.0,0.013367257118225097
538,sf-market-500,9030.095,0.0,0.013367257118225097
539,sf-market-500,1955.5848,0.0,0.013367257118225097
540,sf-market-500,927.11847,0.0,0.013367257118225097
541,sf-market-500,2354.7207,0.0,0.013367257118225097
542,sf-market-500,3305.0566,0.0,0.013367257118225097
543,sf-market-500,5497.789,0.0,0.013367257118225097
544,sf-market-500,939.297,0.0,0.013367257118225097
545,sf-market-500,10278.068,0.0,0.013367257118225097
546,sf-market-500,7313.8555,0.0,0.013367257118225097
547,sf-market-500,118.67589,0.0,0.013367257118225097
548,sf-market-500,1002.5117,0.0,0.013367257118225097
549,sf-market-500,15366.76,0.0,0.013367257118225097
550,sf-market-500,2061.8213,0.0,0.013367257118225097
551,sf-market-500,218.71645,0.0,0.013367257118225097
552,sf-market-500,4968.2725,0.0,0.013367257118225097
553,sf-market-500,2632.6763,0.0,0.013367257118225097
554,sf-market-500,6383.141,0.0,0.013367257118225097
555,sf-market-500,14986.514,0.0,0.013367257118225097
556,sf-market-500,11527.436,0.0,0.013367257118225097
557,sf-market-500,4183.385,0.0,0.013367257118225097
558,sf-market-500,4441.8413,0.0,0.013367257118225097
559,sf-market-500,2290.123,0.0,0.013367257118225097
560,sf-market-500,823.00494,0.0,0.013367257118225097
561,sf-market-500,15005.373,0.0,0.013367257118225097
562,sf-market-500,8856.208,0.0,0.013367257118225097
563,sf-market-500,5975.865,0.0,0.013367257118225097
564,sf-market-500,14372.048,0.0,0.013367257118225097
565,sf-market-500,12116.936,0.0,0.013367257118225097
566,sf-market-500,22680.342,0.0,0.013367257118225097
567,sf-market-500,3218.2344,0.0,0.013367257118225097
568,sf-market-500,14345.43,0.0,0.013367257118225097
569,sf-market-500,11348.106,0.0,0.013367257118225097
570,sf-market-500,3167.4712,0.0,0.013367257118225097
571,sf-market-500,8659.861,0.0,0.013367257118225097
572,sf-market-500,277.44583,0.0,0.013367257118225097
573,sf-market-500,7191.0967,0.0,0.013367257118225097
574,sf-market-500,8194.984,0.0,0.013367257118225097
575,sf-market-500,3172.0837,0.0,0.013367257118225097
576,sf-market-500,8200.16,0.0,0.013367257118225097
577,sf-market-500,4966.689,0.0,0.013367257118225097
578,sf-market-500,17097.572,0.0,0.013367257118225097
579,sf-market-500,191.58957,0.0,0.013367257118225097
580,sf-market-500,128.99292,0.0,0.013367257118225097
581,sf-market-500,208.05376,0.0,0.013367257118225097
582,sf-market-500,3060.7195,0.0,0.013367257118225097
583,sf-market-500,3507.5603,0.0,0.013367257118225097
584,sf-market-500,4247.774,0.0,0.013367257118225097
585,sf-market-500,763.81506,0.0,0.013367257118225097
586,sf-market-500,9825.482,0.0,0.013367257118225097
587,sf-market-500,10914.932,0.0,0.013367257118225097
588,sf-market-500,19715.78,0.0,0.013367257118225097
589,sf-market-500,4694.0015,0.0,0.013367257118225097
590,sf-market-500,7726.5195,0.0,0.013367257118225097
591,sf-market-500,4644.0938,0.0,0.013367257118225097
592,sf-market-500,3456.3442,0.0,0.013367257118225097
593,sf-market-500,18867.139,0.0,0.013367257118225097
594,sf-market-500,120.04519,0.0,0.013367257118225097
595,sf-market-500,6995.4595,0.0,0.013367257118225097
596,sf-market-500,5344.0933,0.0,0.013367257118225097
597,sf-market-500,4544.7266,0.0,0.013367257118225097
598,sf-market-500,5135.5186,0.0,0.013367257118225097
599,sf-market-500,4345.528,0.0,0.013367257118225097
600,sf-market-500,5209.7456,0.0,0.012870583534240723
601,sf-market-500,1050.0967,0.0,0.012870583534240723
602,sf-market-500,11981.605,0.0,0.012870583534240723
603,sf-market-500,6626.638,0.0,0.012870583534240723
604,sf-market-500,3946.5015,0.0,0.012870583534240723
605,sf-market-500,11827.266,0.0,0.012870583534240723
606,sf-market-500,10691.854,0.0,0.012870583534240723
607,sf-market-500,18782.773,0.0,0.012870583534240723
608,sf-market-500,9949.762,0.0,0.012870583534240723
609,sf-market-500,3054.919,0.0,0.012870583534240723
610,sf-market-500,6575.492,0.0,0.012870583534240723
611,sf-market-500,280.7923,0.0,0.012870583534240723
612,sf-market-500,8321.215,0.0,0.012870583534240723
613,sf-market-500,4349.1562,0.0,0.012870583534240723
614,sf-market-500,332.12714,0.0,0.012870583534240723
615,sf-market-500,19209.072,0.0,0.012870583534240723
616,sf-market-500,6166.424,0.0,0.012870583534240723
617,sf-market-500,8914.143,0.0,0.012870583534240723
618,sf-market-500,2270.3184,0.0,0.012870583534240723
619,sf-market-500,1823.5139,0.0,0.012870583534240723
620,sf-market-500,10193.356,0.0,0.012870583534240723
621,sf-market-500,2390.3828,0.0,0.012870583534240723
622,sf-market-500,307.2171,0.0,0.012870583534240723
623,sf-market-500,5237.449,0.0,0.012870583534240723
624,sf-market-500,16469.168,0.0,0.012870583534240723
625,sf-market-500,7797.502,0.0,0.012870583534240723
626,sf-market-500,4170.1445,0.0,0.012870583534240723
627,sf-market-500,5933.5,0.0,0.012870583534240723
628,sf-market-500,11300.47,0.0,0.012870583534240723
629,sf-market-500,10045.082,0.0,0.012870583534240723
630,sf-market-500,3100.301,0.0,0.012870583534240723
631,sf-market-500,4029.6309,0.0,0.012870583534240723
632,sf-market-500,5322.628,0.0,0.012870583534240723
633,sf-market-500,193.61266,0.0,0.012870583534240723
634,sf-market-500,26528.719,0.0,0.012870583534240723
635,sf-market-500,262.81677,0.0,0.012870583534240723
636,sf-market-500,421.3033,0.0,0.012870583534240723
637,sf-market-500,1778.0299,0.0,0.012870583534240723
638,sf-market-500,3786.1362,0.0,0.012870583534240723
639,sf-market-500,857.7564,0.0,0.012870583534240723
640,sf-market-500,11238.945,0.0,0.012870583534240723
641,sf-market-500,4442.977,0.0,0.012870583534240723
642,sf-market-500,13252.101,0.0,0.012870583534240723
643,sf-market-500,4288.1294,0.0,0.012870583534240723
644,sf-market-500,3042.7751,0.0,0.012870583534240723
645,sf-market-500,91.13707,0.0,0.012870583534240723
646,sf-market-500,10272.161,0.0,0.012870583534240723
647,sf-market-500,113.86746,0.0,0.012870583534240723
648,sf-market-500,11183.936,0.0,0.012870583534240723
649,sf-market-500,5233.7354,0.0,0.012870583534240723
650,sf-market-500,6793.2305,0.0,0.012870583534240723
651,sf-market-500,687.90186,0.0,0.012870583534240723
652,sf-market-500,575.49493,0.0,0.012870583534240723
653,sf-market-500,12850.531,0.0,0.012870583534240723
654,sf-market-500,3646.54,0.0,0.012870583534240723
655,sf-market-500,6274.67,0.0,0.012870583534240723
656,sf-market-500,361.53723,0.0,0.012870583534240723
657,sf-market-500,907.00696,0.0,0.012870583534240723
658,sf-market-500,250.81479,0.0,0.012870583534240723
659,sf-market-500,6333.5938,0.0,0.012870583534240723
660,sf-market-500,3364.135,0.0,0.012870583534240723
661,sf-market-500,1761.3889,0.0,0.012870583534240723
662,sf-market-500,33631.676,0.0,0.012870583534240723
663,sf-market-500,8069.752,0.0,0.012870583534240723
664,sf-market-500,2434.9136,0.0,0.012870583534240723
665,sf-market-500,36744.43,0.0,0.012870583534240723
666,sf-market-500,1191.7051,0.0,0.012870583534240723
667,sf-market-500,4318.7373,0.0,0.012870583534240723
668,sf-market-500,21135.316,0.0,0.012870583534240723
669,sf-market-500,6078.8857,0.0,0.012870583534240723
670,sf-market-500,453.47943,0.0,0.012870583534240723
671,sf-market-500,5509.6626,0.0,0.012870583534240723
672,sf-market-500,314.59088,0.0,0.012870583534240723
673,sf-market-500,7953.625,0.0,0.012870583534240723
674,sf-market-500,2694.6704,0.0,0.012870583534240723
675,sf-market-500,231.6202,0.0,0.012870583534240723
676,sf-market-500,13423.709,0.0,0.012870583534240723
677,sf-market-500,3876.299,0.0,0.012870583534240723
678,sf-market-500,13459.555,0.0,0.012870583534240723
679,sf-market-500,5325.547,0.0,0.012870583534240723
680,sf-market-500,12535.535,0.0,0.012870583534240723
681,sf-market-500,11284.223,0.0,0.012870583534240723
682,sf-market-500,7674.282,0.0,0.012870583534240723
683,sf-market-500,18977.342,0.0,0.012870583534240723
684,sf-market-500,1429.8395,0.0,0.012870583534240723
685,sf-market-500,340.19873,0.0,0.012870583534240723
686,sf-market-500,98.075905,0.0,0.012870583534240723
687,sf-market-500,4565.0547,0.0,0.012870583534240723
688,sf-market-500,5694.6177,0.0,0.012870583534240723
689,sf-market-500,20651.84,0.0,0.012870583534240723
690,sf-market-500,6647.8604,0.0,0.012870583534240723
691,sf-market-500,4249.458,0.0,0.012870583534240723
692,sf-market-500,8144.174,0.0,0.012870583534240723
693,sf-market-500,5003.0996,0.0,0.012870583534240723
694,sf-market-500,2647.2107,0.0,0.012870583534240723
695,sf-market-500,2111.2153,0.0,0.012870583534240723
696,sf-market-500,64.877075,0.0,0.012870583534240723
697,sf-market-500,11311.83,0.0,0.012870583534240723
698,sf-market-500,22905.816,0.0,0.012870583534240723
699,sf-market-500,14732.215,0.0,0.012870583534240723
700,sf-market-500,4059.579,0.0,0.012698557376861572
701,sf-market-500,6293.4243,0.0,0.012698557376861572
702,sf-market-500,15967.091,0.0,0.012698557376861572
703,sf-market-500,5318.922,0.0,0.012698557376861572
704,sf-market-500,8875.744,0.0,0.012698557376861572
705,sf-market-500,1956.1995,0.0,0.012698557376861572
706,sf-market-500,242.53891,0.0,0.012698557376861572
707,sf-market-500,316.5163,0.0,0.012698557376861572
708,sf-market-500,136.34152,0.0,0.012698557376861572
709,sf-market-500,24154.555,0.0,0.012698557376861572
710,sf-market-500,3247.644,0.0,0.012698557376861572
711,sf-market-500,2820.6074,0.0,0.012698557376861572
712,sf-market-500,9747.282,0.0,0.012698557376861572
713,sf-market-500,9141.981,0.0,0.012698557376861572
714,sf-market-500,7223.4893,0.0,0.012698557376861572
715,sf-market-500,10967.311,0.0,0.012698557376861572
716,sf-market-500,10267.064,0.0,0.012698557376861572
717,sf-market-500,154.60657,0.0,0.012698557376861572
718,sf-market-500,1755.2188,0.0,0.012698557376861572
719,sf-market-500,19462.658,0.0,0.012698557376861572
720,sf-market-500,7276.464,0.0,0.012698557376861572
721,sf-market-500,6020.7803,0.0,0.012698557376861572
722,sf-market-500,4408.2065,0.0,0.012698557376861572
723,sf-market-500,6557.4453,0.0,0.012698557376861572
724,sf-market-500,731.9623,0.0,0.012698557376861572
725,sf-market-500,534.7611,0.0,0.012698557376861572
726,sf-market-500,765.5034,0.0,0.012698557376861572
727,sf-market-500,11391.499,0.0,0.012698557376861572
728,sf-market-500,1705.7384,0.0,0.012698557376861572
729,sf-market-500,5197.5586,0.0,0.012698557376861572
730,sf-market-500,481.79385,0.0,0.012698557376861572
731,sf-market-500,169.05371,0.0,0.012698557376861572
732,sf-market-500,9542.807,0.0,0.012698557376861572
733,sf-market-500,6104.9697,0.0,0.012698557376861572
734,sf-market-500,38686.867,0.0,0.012698557376861572
735,sf-market-500,7039.1084,0.0,0.012698557376861572
736,sf-market-500,31941.01,0.0,0.012698557376861572
737,sf-market-500,2686.8237,0.0,0.012698557376861572
738,sf-market-500,142.90538,0.0,0.012698557376861572
739,sf-market-500,7035.047,0.0,0.012698557376861572
740,sf-market-500,6107.212,0.0,0.012698557376861572
741,sf-market-500,14424.703,0.0,0.012698557376861572
742,sf-market-500,4111.017,0.0,0.012698557376861572
743,sf-market-500,367.95227,0.0,0.012698557376861572
744,sf-market-500,4242.339,0.0,0.012698557376861572
745,sf-market-500,1367.3059,0.0,0.012698557376861572
746,sf-market-500,3851.3696,0.0,0.012698557376861572
747,sf-market-500,20372.344,0.0,0.012698557376861572
748,sf-market-500,242.91873,0.0,0.012698557376861572
749,sf-market-500,4518.9385,0.0,0.012698557376861572
750,sf-market-500,2780.9854,0.0,0.012698557376861572
751,sf-market-500,628.9112,0.0,0.012698557376861572
752,sf-market-500,936.1997,0.0,0.012698557376861572
753,sf-market-500,7187.093,0.0,0.012698557376861572
754,sf-market-500,1743.3423,0.0,0.012698557376861572
755,sf-market-500,452.01343,0.0,0.012698557376861572
756,sf-market-500,99.3404,0.0,0.012698557376861572
757,sf-market-500,3155.796,0.0,0.012698557376861572
758,sf-market-500,2287.9312,0.0,0.012698557376861572
759,sf-market-500,5347.1724,0.0,0.012698557376861572
760,sf-market-500,7027.5283,0.0,0.012698557376861572
761,sf-market-500,5446.122,0.0,0.012698557376861572
762,sf-market-500,18893.662,0.0,0.012698557376861572
763,sf-market-500,3679.2588,0.0,0.012698557376861572
764,sf-market-500,149.35112,0.0,0.012698557376861572
765,sf-market-500,113.70091,0.0,0.012698557376861572
766,sf-market-500,4051.2334,0.0,0.012698557376861572
767,sf-market-500,2469.0728,0.0,0.012698557376861572
768,sf-market-500,4677.2334,0.0,0.012698557376861572
769,sf-market-500,11571.207,0.0,0.012698557376861572
770,sf-market-500,9781.8125,0.0,0.012698557376861572
771,sf-market-500,2862.0076,0.0,0.012698557376861572
772,sf-market-500,7244.334,0.0,0.012698557376861572
773,sf-market-500,976.20764,0.0,0.012698557376861572
774,sf-market-500,137.01834,0.0,0.012698557376861572
775,sf-market-500,764.442,0.0,0.012698557376861572
776,sf-market-500,928.84534,0.0,0.012698557376861572
777,sf-market-500,249.2338,0.0,0.012698557376861572
778,sf-market-500,5256.2197,0.0,0.012698557376861572
779,sf-market-500,240.8514,0.0,0.012698557376861572
780,sf-market-500,18135.285,0.0,0.012698557376861572
781,sf-market-500,3351.8286,0.0,0.012698557376861572
782,sf-market-500,28133.697,0.0,0.012698557376861572
783,sf-market-500,304.41467,0.0,0.012698557376861572
784,sf-market-500,127.71695,0.0,0.012698557376861572
785,sf-market-500,2701.2183,0.0,0.012698557376861572
786,sf-market-500,5024.1626,0.0,0.012698557376861572
787,sf-market-500,10833.225,0.0,0.012698557376861572
788,sf-market-500,6353.099,0.0,0.012698557376861572
789,sf-market-500,2235.378,0.0,0.012698557376861572
790,sf-market-500,7140.5264,0.0,0.012698557376861572
791,sf-market-500,222.85065,0.0,0.012698557376861572
792,sf-market-500,578.92426,0.0,0.012698557376861572
793,sf-market-500,5169.536,0.0,0.012698557376861572
794,sf-market-500,342.43488,0.0,0.012698557376861572
795,sf-market-500,1741.551,0.0,0.012698557376861572
796,sf-market-500,4884.264,0.0,0.012698557376861572
797,sf-market-500,28439.695,0.0,0.012698557376861572
798,sf-market-500,6415.226,0.0,0.012698557376861572
799,sf-market-500,2234.2026,0.0,0.012698557376861572
800,sf-market-500,6302.118,0.0,0.012880427837371826
801,sf-market-500,1027.5178,0.0,0.012880427837371826
802,sf-market-500,2156.1782,0.0,0.012880427837371826
803,sf-market-500,5210.588,0.0,0.012880427837371826
804,sf-market-500,29093.398,0.0,0.012880427837371826
805,sf-market-500,8549.359,0.0,0.012880427837371826
806,sf-market-500,343.19354,0.0,0.012880427837371826
807,sf-market-500,175.31018,0.0,0.012880427837371826
808,sf-market-500,11399.087,0.0,0.012880427837371826
809,sf-market-500,370.08405,0.0,0.012880427837371826
810,sf-market-500,5619.5293,0.0,0.012880427837371826
811,sf-market-500,7558.1704,0.0,0.012880427837371826
812,sf-market-500,1215.431,0.0,0.012880427837371826
813,sf-market-500,23708.465,0.0,0.012880427837371826
814,sf-market-500,6041.956,0.0,0.012880427837371826
815,sf-market-500,4999.723,0.0,0.012880427837371826
816,sf-market-500,613.2185,0.0,0.012880427837371826
817,sf-market-500,8103.5596,0.0,0.012880427837371826
818,sf-market-500,959.443,0.0,0.012880427837371826
819,sf-market-500,6388.7114,0.0,0.012880427837371826
820,sf-market-500,14550.164,0.0,0.012880427837371826
821,sf-market-500,244.06873,0.0,0.012880427837371826
822,sf-market-500,425.76154,0.0,0.012880427837371826
823,sf-market-500,612.44604,0.0,0.012880427837371826
824,sf-market-500,8867.176,0.0,0.012880427837371826
825,sf-market-500,459.55536,0.0,0.012880427837371826
826,sf-market-500,506.82047,0.0,0.012880427837371826
827,sf-market-500,421.00552,0.0,0.012880427837371826
828,sf-market-500,4353.224,0.0,0.012880427837371826
829,sf-market-500,421.64764,0.0,0.012880427837371826
830,sf-market-500,160.87762,0.0,0.012880427837371826
831,sf-market-500,6762.1646,0.0,0.012880427837371826
832,sf-market-500,31899.637,0.0,0.012880427837371826
833,sf-market-500,6393.0923,0.0,0.012880427837371826
834,sf-market-500,5760.551,0.0,0.012880427837371826
835,sf-market-500,474.835,0.0,0.012880427837371826
836,sf-market-500,8293.5625,0.0,0.012880427837371826
837,sf-market-500,12185.135,0.0,0.012880427837371826
838,sf-market-500,9103.391,0.0,0.012880427837371826
839,sf-market-500,12674.819,0.0,0.012880427837371826
840,sf-market-500,15353.818,0.0,0.012880427837371826
841,sf-market-500,9617.091,0.0,0.012880427837371826
842,sf-market-500,2134.4607,0.0,0.012880427837371826
843,sf-market-500,148.74445,0.0,0.012880427837371826
844,sf-market-500,6696.2686,0.0,0.012880427837371826
845,sf-market-500,4611.8716,0.0,0.012880427837371826
846,sf-market-500,27189.428,0.0,0.012880427837371826
847,sf-market-500,757.81323,0.0,0.012880427837371826
848,sf-market-500,2169.1104,0.0,0.012880427837371826
849,sf-market-500,10709.65,0.0,0.012880427837371826
850,sf-market-500,1048.8483,0.0,0.012880427837371826
851,sf-market-500,4621.6826,0.0,0.012880427837371826
852,sf-market-500,18064.07,0.0,0.012880427837371826
853,sf-market-500,3145.4165,0.0,0.012880427837371826
854,sf-market-500,13587.156,0.0,0.012880427837371826
855,sf-market-500,2672.5496,0.0,0.012880427837371826
856,sf-market-500,226.85483,0.0,0.012880427837371826
857,sf-market-500,8659.998,0.0,0.012880427837371826
858,sf-market-500,19249.09,0.0,0.012880427837371826
859,sf-market-500,523.6334,0.0,0.012880427837371826
860,sf-market-500,107.45982,0.0,0.012880427837371826
861,sf-market-500,570.1131,0.0,0.012880427837371826
862,sf-market-500,796.39496,0.0,0.012880427837371826
863,sf-market-500,2105.371,0.0,0.012880427837371826
864,sf-market-500,1138.4069,0.0,0.012880427837371826
865,sf-market-500,2838.4624,0.0,0.012880427837371826
866,sf-market-500,21291.496,0.0,0.012880427837371826
867,sf-market-500,1740.8553,0.0,0.012880427837371826
868,sf-market-500,22030.812,0.0,0.012880427837371826
869,sf-market-500,15666.521,0.0,0.012880427837371826
870,sf-market-500,4689.4424,0.0,0.012880427837371826
871,sf-market-500,8462.674,0.0,0.012880427837371826
872,sf-market-500,40994.008,0.0,0.012880427837371826
873,sf-market-500,5265.001,0.0,0.012880427837371826
874,sf-market-500,18845.92,0.0,0.012880427837371826
875,sf-market-500,16893.016,0.0,0.012880427837371826
876,sf-market-500,21272.588,0.0,0.012880427837371826
877,sf-market-500,6039.662,0.0,0.012880427837371826
878,sf-market-500,9028.782,0.0,0.012880427837371826
879,sf-market-500,2758.4353,0.0,0.012880427837371826
880,sf-market-500,120.62903,0.0,0.012880427837371826
881,sf-market-500,5250.7,0.0,0.012880427837371826
882,sf-market-500,16248.264,0.0,0.012880427837371826
883,sf-market-500,328.92673,0.0,0.012880427837371826
884,sf-market-500,19471.488,0.0,0.012880427837371826
885,sf-market-500,518.48956,0.0,0.012880427837371826
886,sf-market-500,13184.117,0.0,0.012880427837371826
887,sf-market-500,10508.356,0.0,0.012880427837371826
888,sf-market-500,5827.6143,0.0,0.012880427837371826
889,sf-market-500,6321.623,0.0,0.012880427837371826
890,sf-market-500,754.0514,0.0,0.012880427837371826
891,sf-market-500,16789.871,0.0,0.012880427837371826
892,sf-market-500,19024.965,0.0,0.012880427837371826
893,sf-market-500,9631.643,0.0,0.012880427837371826
894,sf-market-500,24460.484,0.0,0.012880427837371826
895,sf-market-500,880.56726,0.0,0.012880427837371826
896,sf-market-500,329.99902,0.0,0.012880427837371826
897,sf-market-500,9570.656,0.0,0.012880427837371826
898,sf-market-500,6312.591,0.0,0.012880427837371826
899,sf-market-500,367.7721,0.0,0.012880427837371826
900,sf-market-500,36094.938,0.0,0.012723469734191894
901,sf-market-500,9655.401,0.0,0.012723469734191894
902,sf-market-500,11872.665,0.0,0.012723469734191894
903,sf-market-500,4732.3433,0.0,0.012723469734191894
904,sf-market-500,9614.924,0.0,0.012723469734191894
905,sf-market-500,175.88623,0.0,0.012723469734191894
906,sf-market-500,5718.3643,0.0,0.012723469734191894
907,sf-market-500,335.00317,0.0,0.012723469734191894
908,sf-market-500,6574.7217,0.0,0.012723469734191894
909,sf-market-500,2644.5737,0.0,0.012723469734191894
910,sf-market-500,4590.2583,0.0,0.012723469734191894
911,sf-market-500,11106.281,0.0,0.012723469734191894
912,sf-market-500,158.6774,0.0,0.012723469734191894
913,sf-market-500,8666.234,0.0,0.012723469734191894
914,sf-market-500,12049.293,0.0,0.012723469734191894
915,sf-market-500,6639.1104,0.0,0.012723469734191894
916,sf-market-500,17864.473,0.0,0.012723469734191894
917,sf-market-500,10312.586,0.0,0.012723469734191894
918,sf-market-500,20151.064,0.0,0.012723469734191894
919,sf-market-500,1627.2894,0.0,0.012723469734191894
920,sf-market-500,5162.9756,0.0,0.012723469734191894
921,sf-market-500,15369.77,0.0,0.012723469734191894
922,sf-market-500,265.85104,0.0,0.012723469734191894
923,sf-market-500,4779.527,0.0,0.012723469734191894
924,sf-market-500,16649.615,0.0,0.012723469734191894
925,sf-market-500,4573.7573,0.0,0.012723469734191894
926,sf-market-500,5816.002,0.0,0.012723469734191894
927,sf-market-500,3055.8823,0.0,0.012723469734191894
928,sf-market-500,212.61795,0.0,0.012723469734191894
929,sf-market-500,1247.3213,0.0,0.012723469734191894
930,sf-market-500,3845.2427,0.0,0.012723469734191894
931,sf-market-500,1074.6267,0.0,0.012723469734191894
932,sf-market-500,576.22,0.0,0.012723469734191894
933,sf-market-500,21978.781,0.0,0.012723469734191894
934,sf-market-500,3039.2463,0.0,0.012723469734191894
935,sf-market-500,294.67358,0.0,0.012723469734191894
936,sf-market-500,3010.526,0.0,0.012723469734191894
937,sf-market-500,8378.312,0.0,0.012723469734191894
938,sf-market-500,4058.3533,0.0,0.012723469734191894
939,sf-market-500,4776.421,0.0,0.012723469734191894
940,sf-market-500,6473.784,0.0,0.012723469734191894
941,sf-market-500,7389.265,0.0,0.012723469734191894
942,sf-market-500,6633.874,0.0,0.012723469734191894
943,sf-market-500,1431.2183,0.0,0.012723469734191894
944,sf-market-500,7862.7837,0.0,0.012723469734191894
945,sf-market-500,2797.2354,0.0,0.012723469734191894
946,sf-market-500,3968.3389,0.0,0.012723469734191894
947,sf-market-500,4317.877,0.0,0.012723469734191894
948,sf-market-500,2257.2683,0.0,0.012723469734191894
949,sf-market-500,5202.462,0.0,0.012723469734191894
950,sf-market-500,11183.6455,0.0,0.012723469734191894
951,sf-market-500,6881.1553,0.0,0.012723469734191894
952,sf-market-500,2206.8013,0.0,0.012723469734191894
953,sf-market-500,303.01398,0.0,0.012723469734191894
954,sf-market-500,1971.269,0.0,0.012723469734191894
955,sf-market-500,23016.035,0.0,0.012723469734191894
956,sf-market-500,6564.1553,0.0,0.012723469734191894
957,sf-market-500,134.92879,0.0,0.012723469734191894
958,sf-market-500,2645.0967,0.0,0.012723469734191894
959,sf-market-500,21929.727,0.0,0.012723469734191894
960,sf-market-500,26836.746,0.0,0.012723469734191894
961,sf-market-500,2507.7937,0.0,0.012723469734191894
962,sf-market-500,277.44952,0.0,0.012723469734191894
963,sf-market-500,1375.4209,0.0,0.012723469734191894
964,sf-market-500,9966.484,0.0,0.012723469734191894
965,sf-market-500,13096.988,0.0,0.012723469734191894
966,sf-market-500,10838.736,0.0,0.012723469734191894
967,sf-market-500,13713.677,0.0,0.012723469734191894
968,sf-market-500,866.0299,0.0,0.012723469734191894
969,sf-market-500,161.03699,0.0,0.012723469734191894
970,sf-market-500,2316.2769,0.0,0.012723469734191894
971,sf-market-500,1389.6649,0.0,0.012723469734191894
972,sf-market-500,303.60672,0.0,0.012723469734191894
973,sf-market-500,12649.711,0.0,0.012723469734191894
974,sf-market-500,5636.3174,0.0,0.012723469734191894
975,sf-market-500,25517.299,0.0,0.012723469734191894
976,sf-market-500,1210.2983,0.0,0.012723469734191894
977,sf-market-500,2375.1448,0.0,0.012723469734191894
978,sf-market-500,1152.6904,0.0,0.012723469734191894
979,sf-market-500,3176.3433,0.0,0.012723469734191894
980,sf-market-500,9244.946,0.0,0.012723469734191894
981,sf-market-500,9412.3545,0.0,0.012723469734191894
982,sf-market-500,16623.053,0.0,0.012723469734191894
983,sf-market-500,11412.0625,0.0,0.012723469734191894
984,sf-market-500,2728.1504,0.0,0.012723469734191894
985,sf-market-500,11044.15,0.0,0.012723469734191894
986,sf-market-500,7299.9995,0.0,0.012723469734191894
987,sf-market-500,1269.7402,0.0,0.012723469734191894
988,sf-market-500,38489.336,0.0,0.012723469734191894
989,sf-market-500,347.0626,0.0,0.012723469734191894
990,sf-market-500,12738.271,0.0,0.012723469734191894
991,sf-market-500,589.11774,0.0,0.012723469734191894
992,sf-market-500,2732.809,0.0,0.012723469734191894
993,sf-market-500,7483.444,0.0,0.012723469734191894
994,sf-market-500,1471.1472,0.0,0.012723469734191894
995,sf-market-500,18261.756,0.0,0.012723469734191894
996,sf-market-500,563.09094,0.0,0.012723469734191894
997,sf-market-500,2927.5361,0.0,0.012723469734191894
998,sf-market-500,5197.2676,0.0,0.012723469734191894
999,sf-market-500,138.08113,0.0,0.012723469734191894
