Index,Graph,Flow Cost,Time (sec),Num Iters,,,
0,sf-market-500,2.64227417641881,2.53264689445496,108,,,
1,sf-market-500,1.45146276215895,1.98662376403809,117,,,
2,sf-market-500,1.60104678837942,1.02402186393738,56,,,
3,sf-market-500,1.98899164936557,1.66383910179138,88,,,
4,sf-market-500,1.60739000265493,0.635707378387451,35,,,
5,sf-market-500,1.88574327240078,1.48448801040649,71,,,
6,sf-market-500,2.2433593672641,0.951010465621948,47,,,
7,sf-market-500,1.06812797697156,1.64883852005005,90,,,
8,sf-market-500,1.88252170096696,1.07134222984314,58,,,
9,sf-market-500,2.1855777175158,0.823400259017944,39,,,
10,sf-market-500,1.40062020780691,1.96392369270325,109,,,
11,sf-market-500,1.59169707259995,0.58833646774292,39,,,
12,sf-market-500,2.11117276864254,2.29591631889343,123,,,
13,sf-market-500,1.73068430415842,0.602719783782959,34,,,
14,sf-market-500,2.37775550843479,1.31275796890259,67,,,
15,sf-market-500,1.9967192949692,2.36246204376221,122,,,
16,sf-market-500,1.2114852401938,1.91042494773865,120,,,Median Time
17,sf-market-500,1.53984151501639,2.35567498207092,127,,1.64289179716854,1.52721273899078
18,sf-market-500,1.81790174005551,0.651429653167725,40,,,
19,sf-market-500,1.76345979787303,0.675395727157593,36,,,
20,sf-market-500,1.30054146698906,1.93076682090759,118,,,
21,sf-market-500,1.81090884275531,1.76316356658936,121,,,
22,sf-market-500,2.07445731875834,2.23947405815125,129,,,
23,sf-market-500,1.61593211755233,1.61984777450562,99,,,
24,sf-market-500,1.54824470110357,1.69580507278442,91,,,
25,sf-market-500,1.89266032297102,0.54596209526062,34,,,
26,sf-market-500,1.31616093046652,2.59011816978455,124,,,
27,sf-market-500,2.10925525082748,0.72585916519165,40,,,
28,sf-market-500,1.32726568592195,1.74970388412476,101,,,
29,sf-market-500,1.27211660495528,0.553884029388428,33,,,
30,sf-market-500,1.99758502416677,2.32581377029419,112,,,
31,sf-market-500,2.00029114010454,0.74564003944397,39,,,
32,sf-market-500,1.27135423829192,0.627606391906738,36,,,
33,sf-market-500,1.51208931129724,0.776448011398315,36,,,
34,sf-market-500,2.75203333431598,3.36848640441895,123,,,
35,sf-market-500,1.43953134454661,0.844057321548462,35,,,
36,sf-market-500,2.57586234315598,3.29364442825317,123,,,
37,sf-market-500,2.61436642311702,3.38090300559998,102,,,
38,sf-market-500,1.43089404887341,2.10987329483032,60,,,
39,sf-market-500,1.25561776740624,1.19418621063232,33,,,
40,sf-market-500,1.74074503243449,2.43919777870178,107,,,
41,sf-market-500,1.23126024206531,3.47726273536682,87,,,
42,sf-market-500,1.61029511030752,3.05509495735168,86,,,
43,sf-market-500,1.77712480096686,1.70237708091736,45,,,
44,sf-market-500,1.63775448152545,3.60646057128906,110,,,
45,sf-market-500,1.48575223411368,1.18731164932251,41,,,
46,sf-market-500,1.2132972547277,3.05807137489319,102,,,
47,sf-market-500,1.95277098756015,4.1546516418457,108,,,
48,sf-market-500,2.25002651491257,3.13765788078308,106,,,
49,sf-market-500,1.48536188918193,3.53701186180115,115,,,
50,sf-market-500,1.78067024694542,3.10385298728943,80,,,
51,sf-market-500,1.33914757651005,1.0332887172699,37,,,
52,sf-market-500,1.31561910107851,3.30657625198364,123,,,
53,sf-market-500,1.82439773801472,2.39705967903137,106,,,
54,sf-market-500,1.84558381887814,1.07341003417969,38,,,
55,sf-market-500,1.6324906577759,2.74305200576782,78,,,
56,sf-market-500,1.28959999273419,3.83168387413025,110,,,
57,sf-market-500,1.59663273051033,4.1213710308075,99,,,
58,sf-market-500,1.13785714640632,2.38346004486084,82,,,
59,sf-market-500,1.59780397609267,1.26097702980042,37,,,
60,sf-market-500,2.8289870242697,2.76137828826904,112,,,
61,sf-market-500,1.48396113256956,5.61969947814941,153,,,
62,sf-market-500,1.67108964013959,3.91857671737671,110,,,
63,sf-market-500,1.27260284693486,0.922868728637695,33,,,
64,sf-market-500,1.3100096130691,1.85081052780151,50,,,
65,sf-market-500,1.68194473840442,2.92347145080566,103,,,
66,sf-market-500,1.9381992473965,1.69948267936707,55,,,
67,sf-market-500,1.89827707881325,3.45430517196655,111,,,
68,sf-market-500,2.188065123922,3.28455567359924,113,,,
69,sf-market-500,1.9098934212731,3.17991137504578,109,,,
70,sf-market-500,1.69753733746869,0.731427431106567,32,,,
71,sf-market-500,1.69356637399164,1.6867938041687,44,,,
72,sf-market-500,1.4646547610125,2.85919332504272,137,,,
73,sf-market-500,1.29466860069185,0.547964572906494,35,,,
74,sf-market-500,1.93457545215549,2.07630634307861,123,,,
75,sf-market-500,1.77248255398158,0.984063386917114,54,,,
76,sf-market-500,1.40192665703855,0.547092437744141,30,,,
77,sf-market-500,1.63207338969319,2.08327674865723,113,,,
78,sf-market-500,1.33364775115701,2.44984579086304,122,,,
79,sf-market-500,1.2631338895121,1.65354871749878,89,,,
80,sf-market-500,1.65756072140369,0.675646543502808,45,,,
81,sf-market-500,2.4068850751999,1.62297296524048,103,,,
82,sf-market-500,1.48765452968359,1.81377983093262,107,,,
83,sf-market-500,1.55167776063375,1.85081338882446,98,,,
84,sf-market-500,1.70420046270751,0.6234130859375,38,,,
85,sf-market-500,1.63536734334923,2.3253390789032,123,,,
86,sf-market-500,2.08336943506954,1.163419008255,52,,,
87,sf-market-500,1.72662841626431,2.20816469192505,114,,,
88,sf-market-500,1.5579408467995,2.43700075149536,98,,,
89,sf-market-500,2.52455587594364,2.27850151062012,119,,,
90,sf-market-500,1.63314283072796,0.769948244094849,37,,,
91,sf-market-500,1.44097955359885,3.02539944648743,185,,,
92,sf-market-500,1.48596735648794,1.77300453186035,115,,,
93,sf-market-500,1.83385265730885,2.03206205368042,112,,,
94,sf-market-500,1.52742404510332,1.24651265144348,63,,,
95,sf-market-500,1.41644323565101,2.45912957191467,103,,,
96,sf-market-500,1.34209239899805,2.55296683311462,113,,,
97,sf-market-500,1.42507971729544,0.790572881698608,43,,,
98,sf-market-500,1.47304881907349,0.685549259185791,36,,,
99,sf-market-500,1.36169653942189,2.10066485404968,110,,,
100,sf-market-500,1.57276915006419,0.591150760650635,33,,,
101,sf-market-500,1.43229616393745,0.694661140441895,35,,,
102,sf-market-500,1.4254339645551,0.759823560714722,46,,,
103,sf-market-500,1.53215589179081,0.709520816802979,45,,,
104,sf-market-500,2.49680723510655,0.658935546875,35,,,
105,sf-market-500,1.25603742834323,1.27588605880737,64,,,
106,sf-market-500,1.7097530846225,0.565185070037842,32,,,
107,sf-market-500,1.42539255838237,3.03582978248596,157,,,
108,sf-market-500,1.80086941103307,2.26359248161316,115,,,
109,sf-market-500,1.60691908850557,0.579958438873291,31,,,
110,sf-market-500,1.59625991430113,1.69324994087219,84,,,
111,sf-market-500,1.77949960259917,0.840891122817993,38,,,
112,sf-market-500,1.90718113672361,0.890798807144165,39,,,
113,sf-market-500,1.97143547854034,2.59757685661316,114,,,
114,sf-market-500,2.60637788187902,2.33926677703857,129,,,
115,sf-market-500,1.6039304171929,0.814215421676636,33,,,
116,sf-market-500,1.4901779154638,3.20797896385193,90,,,
117,sf-market-500,1.53235710470033,2.57156801223755,89,,,
118,sf-market-500,1.44981407914807,3.35697412490845,100,,,
119,sf-market-500,2.57468090415877,2.26840281486511,120,,,
120,sf-market-500,1.89867535936066,0.699290990829468,36,,,
121,sf-market-500,1.44100717619554,0.832659959793091,39,,,
122,sf-market-500,1.85210309488077,0.814526557922363,41,,,
123,sf-market-500,1.43969948886089,0.647652149200439,42,,,
124,sf-market-500,1.39576407357841,0.56581974029541,32,,,
125,sf-market-500,2.40412887599653,0.679377317428589,35,,,
126,sf-market-500,1.50303075666471,2.97747778892517,121,,,
127,sf-market-500,1.9266484844569,2.61151194572449,118,,,
128,sf-market-500,1.80912871769531,3.66800475120544,133,,,
129,sf-market-500,2.23322570404998,0.536631584167481,31,,,
130,sf-market-500,2.41079380360562,2.44810247421265,126,,,
131,sf-market-500,2.30377852835947,0.685347557067871,35,,,
132,sf-market-500,1.44463788502924,1.83253312110901,94,,,
133,sf-market-500,1.48683311718859,2.23539710044861,103,,,
134,sf-market-500,1.9494958022865,2.03615856170654,80,,,
135,sf-market-500,1.49225576128533,0.795377016067505,43,,,
136,sf-market-500,1.97882873501,3.54081439971924,116,,,
137,sf-market-500,3.18420346824363,1.35913443565369,51,,,
138,sf-market-500,1.14539992928017,2.12497186660767,125,,,
139,sf-market-500,2.29579121905464,2.14259552955627,119,,,
140,sf-market-500,2.32981506522415,2.16131281852722,112,,,
141,sf-market-500,1.66269953014953,2.40093064308166,122,,,
142,sf-market-500,2.43905252412108,0.690828561782837,35,,,
143,sf-market-500,1.9030384369597,0.613722085952759,32,,,
144,sf-market-500,1.94697180931371,1.79786729812622,101,,,
145,sf-market-500,1.37876906936613,0.631603240966797,33,,,
146,sf-market-500,2.08514722022887,0.69284200668335,32,,,
147,sf-market-500,3.04379337002742,0.636715173721314,37,,,
148,sf-market-500,1.16454483756294,1.61210608482361,93,,,
149,sf-market-500,1.71134352768684,0.830244302749634,38,,,
150,sf-market-500,1.80591331388654,1.31402635574341,79,,,
151,sf-market-500,1.74070506467121,1.87676668167114,124,,,
152,sf-market-500,2.3716797884153,2.41432499885559,116,,,
153,sf-market-500,2.26461095527394,2.15918374061584,137,,,
154,sf-market-500,1.18508772919139,0.780232429504395,36,,,
155,sf-market-500,1.48712920273039,2.63525319099426,142,,,
156,sf-market-500,1.63915405627144,2.51664710044861,114,,,
157,sf-market-500,1.59665774127828,1.38999938964844,108,,,
158,sf-market-500,1.65194580123452,0.879826784133911,42,,,
159,sf-market-500,1.84492050618268,0.845744848251343,35,,,
160,sf-market-500,1.13716224771445,1.98578238487244,89,,,
161,sf-market-500,2.12014303470674,2.94653534889221,147,,,
162,sf-market-500,1.20246276322591,2.7608950138092,102,,,
163,sf-market-500,1.44541452627179,1.83592391014099,89,,,
164,sf-market-500,1.51830542497857,1.82179379463196,96,,,
165,sf-market-500,1.28503651938539,1.80576705932617,113,,,
166,sf-market-500,1.54501815929505,1.96854043006897,108,,,
167,sf-market-500,1.8612510269328,2.70091938972473,119,,,
168,sf-market-500,2.11602653369767,0.924653053283691,36,,,
169,sf-market-500,1.87874537692221,0.71098518371582,33,,,
170,sf-market-500,2.13627024572952,0.988124370574951,39,,,
171,sf-market-500,1.55056745413066,3.57886266708374,118,,,
172,sf-market-500,1.94529521843214,0.648968696594238,35,,,
173,sf-market-500,1.740705683979,1.95762228965759,111,,,
174,sf-market-500,1.38683789974724,1.09611821174622,48,,,
175,sf-market-500,1.83703674792356,0.591565608978272,33,,,
176,sf-market-500,1.19300694031281,2.46898722648621,97,,,
177,sf-market-500,1.38363135916714,2.11520028114319,108,,,
178,sf-market-500,1.27975108561727,0.790290594100952,43,,,
179,sf-market-500,1.44834505834989,1.13120675086975,49,,,
180,sf-market-500,1.2926501322066,0.866456508636475,48,,,
181,sf-market-500,1.21698518203781,0.853033304214477,40,,,
182,sf-market-500,1.54954848104466,1.66378903388977,104,,,
183,sf-market-500,1.22713209810764,1.24457812309265,58,,,
184,sf-market-500,1.43100185260593,0.630651235580444,35,,,
185,sf-market-500,1.58410163317241,0.71626615524292,42,,,
186,sf-market-500,1.38685502042944,2.01501250267029,97,,,
187,sf-market-500,1.74053085416655,3.56126713752747,105,,,
188,sf-market-500,2.69607101498097,2.7033007144928,126,,,
189,sf-market-500,1.92124508468214,0.603076934814453,33,,,
190,sf-market-500,1.06604663489261,2.28196167945862,153,,,
191,sf-market-500,2.419281131976,0.888296365737915,44,,,
192,sf-market-500,3.17173589806556,2.20670127868652,112,,,
193,sf-market-500,1.4099861967561,2.30030822753906,124,,,
194,sf-market-500,1.57113172517139,1.73548555374146,72,,,
195,sf-market-500,1.91551957607945,2.30872583389282,121,,,
196,sf-market-500,1.46154722372202,3.68654537200928,123,,,
197,sf-market-500,1.20274457889341,2.45893478393555,124,,,
198,sf-market-500,1.40418268094021,1.79387927055359,102,,,
199,sf-market-500,1.42415784002095,0.543993473052979,35,,,
200,sf-market-500,1.91686637869616,2.20377016067505,121,,,
201,sf-market-500,1.83087071423515,3.08561563491821,145,,,
202,sf-market-500,1.26933126550631,0.669069051742554,39,,,
203,sf-market-500,1.79194124657246,11.7552020549774,175,,,
204,sf-market-500,2.17601001993703,13.8587079048157,122,,,
205,sf-market-500,1.19549107323623,11.3065528869629,134,,,
206,sf-market-500,1.21820509166214,2.11025881767273,98,,,
207,sf-market-500,2.8456490540441,2.95782470703125,185,,,
208,sf-market-500,1.14543774734585,0.663691997528076,39,,,
209,sf-market-500,1.67065709880738,2.70530915260315,147,,,
210,sf-market-500,1.4036621378509,1.88918352127075,109,,,
211,sf-market-500,2.09023974291339,1.52550458908081,55,,,
212,sf-market-500,2.08399454876678,3.59219074249268,102,,,
213,sf-market-500,1.81847437790451,4.99784183502197,123,,,
214,sf-market-500,1.44010358154056,3.81421804428101,163,,,
215,sf-market-500,1.51379751644627,0.681122064590454,33,,,
216,sf-market-500,2.64987915148558,0.68493127822876,34,,,
217,sf-market-500,1.79116759018799,0.697918891906738,36,,,
218,sf-market-500,1.50714159344769,3.43065190315247,111,,,
219,sf-market-500,1.88173899975674,1.53258275985718,46,,,
220,sf-market-500,2.31726102990363,2.70556116104126,90,,,
221,sf-market-500,1.45692672156911,0.546445608139038,32,,,
222,sf-market-500,1.46975509375506,0.770128011703491,41,,,
223,sf-market-500,1.45685569573153,2.06212139129639,111,,,
224,sf-market-500,1.88094907651257,0.724279642105103,38,,,
225,sf-market-500,1.27844131224345,2.67869305610657,157,,,
226,sf-market-500,1.38819944697304,0.605976104736328,31,,,
227,sf-market-500,1.56677403156511,0.801271438598633,42,,,
228,sf-market-500,1.27363083769607,0.741682529449463,39,,,
229,sf-market-500,1.22113698686522,2.2365996837616,116,,,
230,sf-market-500,1.6693111341154,0.564010381698608,34,,,
231,sf-market-500,1.36671483741795,3.1806640625,120,,,
232,sf-market-500,1.7670239302136,1.03934693336487,37,,,
233,sf-market-500,1.90525981487302,1.82653784751892,101,,,
234,sf-market-500,3.49554811302152,1.79828572273254,110,,,
235,sf-market-500,1.59263309225119,2.47755455970764,124,,,
236,sf-market-500,1.28460108982093,0.547099113464356,33,,,
237,sf-market-500,1.23169720719881,1.06949210166931,63,,,
238,sf-market-500,2.26734273711727,2.03037810325623,126,,,
239,sf-market-500,2.16044503909852,2.42133283615112,123,,,
240,sf-market-500,3.72515655537032,2.12353086471558,119,,,
241,sf-market-500,1.32384746380435,1.75585412979126,102,,,
242,sf-market-500,1.67098348239602,2.85233211517334,167,,,
243,sf-market-500,1.90348940075915,0.567056179046631,30,,,
244,sf-market-500,1.07289762673687,1.62339687347412,81,,,
245,sf-market-500,1.30051974132079,0.513132572174072,31,,,
246,sf-market-500,1.54043415454059,0.626714944839478,35,,,
247,sf-market-500,1.33472531863311,0.598542451858521,37,,,
248,sf-market-500,1.39400212201212,0.497156858444214,31,,,
249,sf-market-500,1.61665751383117,1.82458281517029,111,,,
250,sf-market-500,1.85001872378976,1.6955738067627,97,,,
251,sf-market-500,1.41063000642226,1.97229528427124,108,,,
252,sf-market-500,1.91506289164447,0.5784752368927,34,,,
253,sf-market-500,1.89229408674069,2.38387298583984,124,,,
254,sf-market-500,1.26395710044001,1.22073602676392,51,,,
255,sf-market-500,1.94831624939338,1.3641369342804,93,,,
256,sf-market-500,1.61453354728951,0.585891008377075,35,,,
257,sf-market-500,2.6401931860482,0.65092945098877,34,,,
258,sf-market-500,2.29096490001494,1.63925886154175,110,,,
259,sf-market-500,2.00965729923468,1.37942886352539,105,,,
260,sf-market-500,2.04959167776214,2.09001970291138,135,,,
261,sf-market-500,2.00535275589896,2.14435076713562,120,,,
262,sf-market-500,2.476634246717,0.710269212722778,37,,,
263,sf-market-500,2.11890711816994,1.55879878997803,104,,,
264,sf-market-500,1.49592809434236,1.74514555931091,107,,,
265,sf-market-500,1.9125741748959,1.71388077735901,99,,,
266,sf-market-500,1.46453510996165,1.77365207672119,101,,,
267,sf-market-500,1.21596881624349,1.56735372543335,102,,,
268,sf-market-500,1.49923894713574,0.820351839065552,52,,,
269,sf-market-500,2.45123444701097,1.74396681785584,120,,,
270,sf-market-500,1.84888052008896,1.6865668296814,111,,,
271,sf-market-500,1.90684188821095,1.77814102172852,112,,,
272,sf-market-500,1.83626229842123,0.713424444198608,35,,,
273,sf-market-500,1.39256152713528,0.521481513977051,32,,,
274,sf-market-500,2.62388808168048,1.61720371246338,108,,,
275,sf-market-500,1.68623907097348,1.30305147171021,64,,,
276,sf-market-500,1.46654667207193,0.570749759674072,38,,,
277,sf-market-500,1.88095496606529,2.04570174217224,113,,,
278,sf-market-500,1.34277496977801,2.7946469783783,136,,,
279,sf-market-500,1.71639749100044,0.640296459197998,33,,,
280,sf-market-500,1.74852693516197,0.63416600227356,36,,,
281,sf-market-500,2.27024273166019,0.689291715621948,37,,,
282,sf-market-500,1.73641644705547,0.749943733215332,50,,,
283,sf-market-500,1.99294040046649,0.591071367263794,37,,,
284,sf-market-500,2.89319356295145,2.02829456329346,123,,,
285,sf-market-500,1.68900476887315,0.682738065719605,39,,,
286,sf-market-500,1.50744749413817,2.85781145095825,146,,,
287,sf-market-500,1.40910553777213,0.538095474243164,31,,,
288,sf-market-500,1.73154485035519,1.54122281074524,102,,,
289,sf-market-500,1.97937389933651,0.540824890136719,30,,,
290,sf-market-500,1.33629756825928,1.59146618843079,94,,,
291,sf-market-500,1.61158694297709,1.94243144989014,106,,,
292,sf-market-500,1.76958783131118,0.788736343383789,38,,,
293,sf-market-500,1.10801774899503,1.73543763160706,93,,,
294,sf-market-500,1.69993524669624,1.77897691726685,87,,,
295,sf-market-500,1.92136249053212,0.633554458618164,37,,,
296,sf-market-500,1.64228765430983,0.698832750320435,43,,,
297,sf-market-500,1.63816759516245,0.575634717941284,34,,,
298,sf-market-500,2.11157813500955,1.61479926109314,102,,,
299,sf-market-500,1.6729920206693,0.698806285858154,40,,,
300,sf-market-500,1.6092524207666,1.15561389923096,74,,,
301,sf-market-500,1.93659929750301,1.45854592323303,109,,,
302,sf-market-500,1.14711767011165,0.701696157455444,39,,,
303,sf-market-500,2.4170239562374,2.97683095932007,194,,,
304,sf-market-500,1.25725157414032,0.519280433654785,34,,,
305,sf-market-500,1.55462071107905,1.98439121246338,112,,,
306,sf-market-500,1.95187531064292,0.897890567779541,44,,,
307,sf-market-500,1.26964055249367,0.578726053237915,35,,,
308,sf-market-500,1.92249708591864,0.637274980545044,40,,,
309,sf-market-500,1.50747044534872,0.735456705093384,40,,,
310,sf-market-500,1.98480527600623,0.697161197662354,41,,,
311,sf-market-500,1.24474689644662,0.596291542053223,36,,,
312,sf-market-500,1.81089680486137,1.50327730178833,94,,,
313,sf-market-500,1.99328038177078,0.777410268783569,37,,,
314,sf-market-500,1.85925168522896,2.55065560340881,131,,,
315,sf-market-500,1.50761616467992,3.92528676986694,269,,,
316,sf-market-500,1.9225987243119,1.8341748714447,103,,,
317,sf-market-500,1.69618790954902,1.95919728279114,117,,,
318,sf-market-500,2.48284682328652,2.58898448944092,169,,,
319,sf-market-500,1.57710046946998,1.82522058486938,110,,,
320,sf-market-500,1.43038577937703,0.746860265731812,39,,,
321,sf-market-500,1.44500429332442,1.83616256713867,94,,,
322,sf-market-500,3.46950407633649,2.57930517196655,138,,,
323,sf-market-500,1.17263987211023,1.37538743019104,80,,,
324,sf-market-500,1.34339028728443,0.578621864318848,34,,,
325,sf-market-500,2.00915442115349,2.36899065971375,134,,,
326,sf-market-500,1.54178926123635,0.741214990615845,40,,,
327,sf-market-500,1.31831020064567,0.585453987121582,35,,,
328,sf-market-500,1.39141864119369,0.914893627166748,49,,,
329,sf-market-500,1.61626523898369,1.54560232162476,80,,,
330,sf-market-500,2.27158955277538,2.05997633934021,129,,,
331,sf-market-500,1.81335773149752,0.666064739227295,40,,,
332,sf-market-500,1.56700929515677,2.0628616809845,131,,,
333,sf-market-500,1.71806329134827,2.93750858306885,150,,,
334,sf-market-500,1.86727386931822,2.09639239311218,154,,,
335,sf-market-500,1.96717498110534,0.766854047775269,38,,,
336,sf-market-500,2.17352154442634,0.588962554931641,37,,,
337,sf-market-500,1.44286352978208,0.723307847976685,37,,,
338,sf-market-500,1.12695865663501,0.560348510742188,35,,,
339,sf-market-500,1.49975975283931,0.535985708236694,36,,,
340,sf-market-500,1.63940109812103,1.62449741363525,129,,,
341,sf-market-500,2.19287312158142,1.43105173110962,102,,,
342,sf-market-500,2.24472485080146,2.41126751899719,152,,,
343,sf-market-500,1.93777705181576,1.97630000114441,115,,,
344,sf-market-500,1.43395722064459,1.0828275680542,66,,,
345,sf-market-500,1.77908330367849,1.21616959571838,60,,,
346,sf-market-500,1.33595334086882,1.76951503753662,103,,,
347,sf-market-500,2.26869106007323,1.65335536003113,112,,,
348,sf-market-500,1.65993714421434,0.637846946716309,37,,,
349,sf-market-500,1.4969271456984,2.17625713348389,132,,,
350,sf-market-500,1.35444294359587,1.87961864471436,115,,,
351,sf-market-500,1.33647302543799,0.598916292190552,37,,,
352,sf-market-500,1.29519382493086,2.25604891777039,109,,,
353,sf-market-500,1.49338088163377,1.8626115322113,115,,,
354,sf-market-500,1.42226471185322,0.69601583480835,44,,,
355,sf-market-500,2.10423992543563,2.5959644317627,127,,,
356,sf-market-500,1.44729710397495,1.92320704460144,114,,,
357,sf-market-500,1.54841963287038,1.41204571723938,86,,,
358,sf-market-500,1.61391216164998,2.1439254283905,115,,,
359,sf-market-500,1.19642025633619,0.610079765319824,36,,,
360,sf-market-500,2.02640553849982,2.16357660293579,126,,,
361,sf-market-500,1.75052347650602,0.724587440490723,39,,,
362,sf-market-500,1.92746587033046,1.82971549034119,116,,,
363,sf-market-500,1.6332717481134,0.626147270202637,42,,,
364,sf-market-500,1.50372063298684,2.65864372253418,170,,,
365,sf-market-500,1.52236382687203,0.799849271774292,41,,,
366,sf-market-500,1.63692059696015,0.740349292755127,44,,,
367,sf-market-500,1.53495787950222,0.726459503173828,40,,,
368,sf-market-500,1.36159969529768,1.89224338531494,99,,,
369,sf-market-500,1.45382400008816,2.51541018486023,163,,,
370,sf-market-500,1.12278161701319,0.637438535690308,36,,,
371,sf-market-500,1.25274647022844,1.24752736091614,68,,,
372,sf-market-500,2.29672418675528,1.73595976829529,113,,,
373,sf-market-500,3.00643558891869,1.39061713218689,115,,,
374,sf-market-500,1.31136629608885,0.487542152404785,32,,,
375,sf-market-500,1.69597154343762,2.51615571975708,131,,,
376,sf-market-500,1.91417917418295,0.969154834747314,45,,,
377,sf-market-500,1.39795984734777,2.13276100158691,119,,,
378,sf-market-500,2.42457315270448,1.78910660743713,114,,,
379,sf-market-500,1.50978572392766,1.65998315811157,105,,,
380,sf-market-500,1.95417500825718,1.84162092208862,109,,,
381,sf-market-500,2.11016535220928,0.736289262771606,37,,,
382,sf-market-500,1.61157756005135,1.12749552726746,62,,,
383,sf-market-500,1.24015995838055,2.00280237197876,114,,,
384,sf-market-500,1.50404964732065,1.57846117019653,107,,,
385,sf-market-500,1.88631721603875,1.89326357841492,103,,,
386,sf-market-500,1.3539419644777,0.888733386993408,45,,,
387,sf-market-500,1.76292635051007,0.580030202865601,33,,,
388,sf-market-500,1.41255239048885,0.515691518783569,32,,,
389,sf-market-500,1.28893210188655,0.759584426879883,41,,,
390,sf-market-500,1.19695596392343,0.537508964538574,35,,,
391,sf-market-500,1.27821666948555,1.62713384628296,98,,,
392,sf-market-500,2.00367730431426,0.691693782806397,42,,,
393,sf-market-500,1.24621789017786,0.721229076385498,48,,,
394,sf-market-500,2.6267826296796,1.84277892112732,127,,,
395,sf-market-500,2.89272552484211,0.785789251327515,37,,,
396,sf-market-500,2.15696616954645,1.67890286445618,93,,,
397,sf-market-500,1.68003808783243,1.24282693862915,68,,,
398,sf-market-500,2.22689492853302,1.26767826080322,70,,,
399,sf-market-500,2.01693750409492,1.75734758377075,84,,,
400,sf-market-500,1.78773241886309,1.55617022514343,96,,,
401,sf-market-500,1.53575863984131,0.477599859237671,32,,,
402,sf-market-500,1.60413787209759,0.668607950210571,41,,,
403,sf-market-500,2.17935315596683,2.14458107948303,117,,,
404,sf-market-500,1.72619879021847,0.599388122558594,35,,,
405,sf-market-500,1.16565587091047,1.41098761558533,86,,,
406,sf-market-500,1.38756760977033,1.54474306106567,98,,,
407,sf-market-500,2.19049947602475,1.92434144020081,116,,,
408,sf-market-500,1.88332937915893,0.564985752105713,37,,,
409,sf-market-500,1.62880576426077,0.621667623519897,34,,,
410,sf-market-500,2.13408952616624,2.65601801872253,135,,,
411,sf-market-500,1.62661169048476,0.708058834075928,36,,,
412,sf-market-500,1.64439151855183,1.56512546539307,98,,,
413,sf-market-500,2.09140968085416,0.61682653427124,33,,,
414,sf-market-500,1.21038177527142,0.572287082672119,37,,,
415,sf-market-500,2.41197241911172,2.01757955551147,113,,,
416,sf-market-500,1.12465882513344,1.60963749885559,89,,,
417,sf-market-500,1.30372242417416,2.25529193878174,154,,,
418,sf-market-500,1.18854745958923,0.841932535171509,53,,,
419,sf-market-500,2.11976495798123,1.86015152931213,99,,,
420,sf-market-500,1.95159214418466,0.885317325592041,52,,,
421,sf-market-500,2.27133217416121,0.577733039855957,34,,,
422,sf-market-500,2.17293622394166,1.80552124977112,118,,,
423,sf-market-500,2.65919916692451,1.84844040870667,129,,,
424,sf-market-500,3.0441222983441,0.5531165599823,32,,,
425,sf-market-500,1.54217144044403,1.46333050727844,93,,,
426,sf-market-500,1.65596786210911,0.587729692459106,36,,,
427,sf-market-500,1.2931810495965,0.612049102783203,38,,,
428,sf-market-500,1.21804490357307,1.73818492889404,96,,,
429,sf-market-500,2.03820095479692,0.600797653198242,37,,,
430,sf-market-500,1.32869918131066,0.744977951049805,43,,,
431,sf-market-500,2.35065940083446,0.623399972915649,37,,,
432,sf-market-500,1.56564356867341,0.600988149642944,38,,,
433,sf-market-500,2.43607341528125,1.69267630577087,107,,,
434,sf-market-500,1.85050995292624,3.22557425498962,137,,,
435,sf-market-500,1.73088078057092,2.02845788002014,117,,,
436,sf-market-500,1.85240789271937,2.09979033470154,121,,,
437,sf-market-500,1.55294374441281,0.60222864151001,35,,,
438,sf-market-500,1.53375356339382,0.625804662704468,42,,,
439,sf-market-500,1.84870786322939,1.43465876579285,87,,,
440,sf-market-500,1.55223049898203,0.75396466255188,39,,,
441,sf-market-500,1.17223409328421,1.99167418479919,97,,,
442,sf-market-500,1.20857747650168,0.660158157348633,39,,,
443,sf-market-500,1.36776265018159,0.724903345108032,39,,,
444,sf-market-500,2.51453908262093,1.79973602294922,109,,,
445,sf-market-500,1.54269035325167,1.9148576259613,110,,,
446,sf-market-500,1.14196853352873,0.780862808227539,39,,,
447,sf-market-500,1.39233106203559,0.91650652885437,42,,,
448,sf-market-500,1.50822416045009,1.52138638496399,88,,,
449,sf-market-500,1.4756978229379,1.47476863861084,81,,,
450,sf-market-500,1.74015764114135,0.565673112869263,34,,,
451,sf-market-500,2.39223419046569,2.30284786224365,120,,,
452,sf-market-500,1.29163623968265,1.76719450950623,116,,,
453,sf-market-500,1.59431268519993,0.634135484695435,38,,,
454,sf-market-500,1.3529998678318,1.93316674232483,117,,,
455,sf-market-500,1.52569404467705,1.85766172409058,111,,,
456,sf-market-500,2.29972145878186,0.768301248550415,45,,,
457,sf-market-500,3.11306750976633,2.27681231498718,156,,,
458,sf-market-500,1.69681147277962,0.642430543899536,33,,,
459,sf-market-500,1.98128618338351,1.9673752784729,117,,,
460,sf-market-500,1.96292888772359,2.17497324943542,119,,,
461,sf-market-500,1.81962809940965,1.90496158599854,107,,,
462,sf-market-500,1.43429515574154,0.597065448760986,35,,,
463,sf-market-500,3.42619985241027,1.94018602371216,110,,,
464,sf-market-500,1.27909961055945,0.739789009094238,40,,,
465,sf-market-500,2.49117083533293,2.41368579864502,118,,,
466,sf-market-500,1.57933837475522,0.704816341400147,39,,,
467,sf-market-500,1.90895818589898,1.88437461853027,113,,,
468,sf-market-500,2.36282963775101,2.21838402748108,124,,,
469,sf-market-500,2.00096419047013,1.82742238044739,113,,,
470,sf-market-500,1.95968775169191,0.627085208892822,37,,,
471,sf-market-500,1.49896093029724,0.54852032661438,29,,,
472,sf-market-500,1.4369483277635,0.47979998588562,31,,,
473,sf-market-500,1.42850403029977,0.737375974655151,36,,,
474,sf-market-500,1.34786546789355,1.60361981391907,97,,,
475,sf-market-500,1.92483888382919,1.74420309066772,114,,,
476,sf-market-500,2.29252359132908,1.8718478679657,109,,,
477,sf-market-500,1.4839475864316,1.17617106437683,67,,,
478,sf-market-500,1.29098339917134,0.652925252914429,42,,,
479,sf-market-500,1.7968470797381,2.4378867149353,136,,,
480,sf-market-500,1.45486513305716,0.569276094436646,32,,,
481,sf-market-500,1.92721734813119,2.07805585861206,115,,,
482,sf-market-500,1.46992947836189,0.643098592758179,38,,,
483,sf-market-500,1.58958871201538,0.58077335357666,37,,,
484,sf-market-500,1.81660538590977,1.69438099861145,104,,,
485,sf-market-500,1.37736089173029,2.21418118476868,111,,,
486,sf-market-500,2.36507515264731,2.38038611412048,140,,,
487,sf-market-500,1.40943257972294,1.79506254196167,99,,,
488,sf-market-500,1.8553277457996,2.26975560188293,120,,,
489,sf-market-500,1.49458143888324,1.81551861763001,102,,,
490,sf-market-500,1.6138330332785,1.27030563354492,77,,,
491,sf-market-500,1.84044839883607,0.562113285064697,34,,,
492,sf-market-500,1.4868480439242,0.877962589263916,53,,,
493,sf-market-500,2.72247899696642,0.547623872756958,35,,,
494,sf-market-500,1.44096172281411,1.72825479507446,93,,,
495,sf-market-500,1.38546427937783,2.09004473686218,115,,,
496,sf-market-500,1.7668447500866,0.563937664031982,35,,,
497,sf-market-500,2.06281041269597,0.677292108535767,40,,,
498,sf-market-500,1.38773669933538,0.816538333892822,49,,,
499,sf-market-500,1.39838985731921,0.462959051132202,31,,,
500,sf-market-500,1.37985515068499,0.559831619262695,34,,,
501,sf-market-500,1.59711770596026,1.73913431167603,93,,,
502,sf-market-500,1.49684734529543,1.70413255691528,101,,,
503,sf-market-500,1.2829833592639,0.716675043106079,42,,,
504,sf-market-500,1.52271318338097,0.830192804336548,36,,,
505,sf-market-500,2.30923228668887,0.685385465621948,37,,,
506,sf-market-500,1.68744052631922,0.877000570297241,50,,,
507,sf-market-500,2.3581939370724,2.00994324684143,114,,,
508,sf-market-500,1.29701957856287,0.542756319046021,34,,,
509,sf-market-500,1.67359347418695,2.07005953788757,121,,,
510,sf-market-500,1.85227333571982,0.91130518913269,43,,,
511,sf-market-500,1.37478540439852,1.59963846206665,106,,,
512,sf-market-500,1.57128646843229,1.78896260261536,95,,,
513,sf-market-500,1.4131126655495,0.663108587265015,38,,,
514,sf-market-500,2.332197502186,2.564124584198,147,,,
515,sf-market-500,1.46550958385123,2.60261535644531,133,,,
516,sf-market-500,2.31744874679592,0.688166618347168,38,,,
517,sf-market-500,1.28619668973403,0.547399520874023,33,,,
518,sf-market-500,2.33372259201282,1.58493494987488,114,,,
519,sf-market-500,1.58992509322939,1.16676497459412,112,,,
520,sf-market-500,1.33324041846002,0.714231491088867,36,,,
521,sf-market-500,2.01697033529575,0.766806125640869,48,,,
522,sf-market-500,1.43732817567415,1.57481622695923,107,,,
523,sf-market-500,1.35515951829759,0.752508401870728,38,,,
524,sf-market-500,1.61847989075333,1.51586675643921,96,,,
525,sf-market-500,3.10052403591826,2.30014252662659,137,,,
526,sf-market-500,1.44631578358181,1.16563200950623,59,,,
527,sf-market-500,2.02801812308337,1.55959033966064,84,,,
528,sf-market-500,1.47085790511507,1.83496713638306,110,,,
529,sf-market-500,1.14347682601981,0.668279409408569,37,,,
530,sf-market-500,1.799662893612,0.606453657150269,35,,,
531,sf-market-500,2.21072687463768,1.63274359703064,125,,,
532,sf-market-500,1.20424636521573,0.710423231124878,40,,,
533,sf-market-500,1.74987325587662,2.21322417259216,118,,,
534,sf-market-500,2.34923504671143,1.79645109176636,87,,,
535,sf-market-500,2.07721246947306,1.81480407714844,123,,,
536,sf-market-500,1.27444913688106,0.885364055633545,43,,,
537,sf-market-500,1.27568298542825,1.73472094535828,99,,,
538,sf-market-500,1.87192187776257,0.702447175979614,39,,,
539,sf-market-500,2.42578518793192,1.87690138816834,112,,,
540,sf-market-500,1.38334576667168,1.8937258720398,96,,,
541,sf-market-500,1.5587216148455,1.79380631446838,83,,,
542,sf-market-500,1.82503894993913,1.7208456993103,88,,,
543,sf-market-500,2.04579093158113,1.33453369140625,119,,,
544,sf-market-500,1.82316841745648,0.605618238449097,35,,,
545,sf-market-500,1.14249921632479,0.803644895553589,41,,,
546,sf-market-500,2.03428131457047,2.79389262199402,227,,,
547,sf-market-500,1.69402823899821,2.54368805885315,138,,,
548,sf-market-500,1.30297469451024,1.09541177749634,59,,,
549,sf-market-500,1.1427135175225,0.594713687896729,34,,,
550,sf-market-500,3.11803599436574,1.69509482383728,133,,,
551,sf-market-500,2.38987237249454,2.15684056282043,97,,,
552,sf-market-500,1.3377300215148,0.632494211196899,35,,,
553,sf-market-500,1.65134234315257,0.539695739746094,36,,,
554,sf-market-500,2.47470847318344,1.01550436019897,60,,,
555,sf-market-500,2.02785055187482,1.73942518234253,99,,,
556,sf-market-500,2.26418130327867,2.12483358383179,114,,,
557,sf-market-500,1.65103546082955,0.595821857452393,35,,,
558,sf-market-500,1.47941850375554,0.579789638519287,37,,,
559,sf-market-500,1.66120919891732,1.89170122146606,114,,,
560,sf-market-500,1.75995745434313,0.551089286804199,34,,,
561,sf-market-500,1.16279915844845,0.882892847061157,41,,,
562,sf-market-500,1.74832128238592,2.21469259262085,139,,,
563,sf-market-500,1.56490794745107,1.83943963050842,99,,,
564,sf-market-500,2.13459299422615,2.00255179405212,116,,,
565,sf-market-500,1.49286960653285,0.743512868881226,35,,,
566,sf-market-500,1.67318704661219,0.657588243484497,37,,,
567,sf-market-500,3.78175006616905,1.99157929420471,115,,,
568,sf-market-500,1.85931730335398,1.60883069038391,93,,,
569,sf-market-500,1.63336655309359,0.716939449310303,40,,,
570,sf-market-500,1.79735379601522,1.15951728820801,67,,,
571,sf-market-500,1.70309820137144,2.2830171585083,138,,,
572,sf-market-500,1.66716336486707,1.72824549674988,104,,,
573,sf-market-500,1.70261731574909,0.683441162109375,45,,,
574,sf-market-500,1.53735099162418,0.510756015777588,32,,,
575,sf-market-500,1.64769303473634,2.34857225418091,116,,,
576,sf-market-500,1.67289909953211,1.5328950881958,104,,,
577,sf-market-500,1.61663440408683,2.65077614784241,127,,,
578,sf-market-500,1.85694040772095,0.726955652236939,38,,,
579,sf-market-500,1.63129578251697,0.567466497421265,34,,,
580,sf-market-500,1.45138084307793,0.527683973312378,35,,,
581,sf-market-500,1.37820095546789,0.58878755569458,37,,,
582,sf-market-500,1.51377789981565,2.36183071136475,120,,,
583,sf-market-500,1.44105503003099,0.599644422531128,36,,,
584,sf-market-500,1.34537563840891,1.77797913551331,105,,,
585,sf-market-500,1.60088255261081,1.9169499874115,111,,,
586,sf-market-500,1.0861713980415,0.787264347076416,38,,,
587,sf-market-500,1.52541764632833,1.75380635261536,104,,,
588,sf-market-500,2.24446056114915,1.43131875991821,95,,,
589,sf-market-500,1.80200198900237,0.619797706604004,38,,,
590,sf-market-500,1.77715113935368,0.703246593475342,35,,,
591,sf-market-500,1.76910219136572,0.717193365097046,40,,,
592,sf-market-500,2.59679045500191,1.97783446311951,118,,,
593,sf-market-500,1.5350535346915,1.71363878250122,98,,,
594,sf-market-500,1.76879395007891,0.784899950027466,46,,,
595,sf-market-500,1.20287712424165,1.74481081962585,94,,,
596,sf-market-500,1.40455199021403,0.739901781082153,39,,,
597,sf-market-500,1.44364762797401,0.610392808914185,35,,,
598,sf-market-500,2.17510530715481,0.815845251083374,41,,,
599,sf-market-500,1.51525575854523,0.584254503250122,35,,,
600,sf-market-500,1.99661642584643,1.93107962608337,92,,,
601,sf-market-500,2.31959083890569,0.889733791351318,51,,,
602,sf-market-500,1.87681311544081,1.99170231819153,100,,,
603,sf-market-500,2.85999065691305,1.69120311737061,75,,,
604,sf-market-500,1.24421974859604,1.70371460914612,92,,,
605,sf-market-500,1.71836348397549,0.694129943847656,38,,,
606,sf-market-500,1.33403210399719,0.518456220626831,33,,,
607,sf-market-500,2.25840681345272,0.645027875900269,36,,,
608,sf-market-500,2.04935291386249,1.25916910171509,69,,,
609,sf-market-500,1.83949804461213,1.95525240898132,125,,,
610,sf-market-500,1.31146701645064,0.546774387359619,36,,,
611,sf-market-500,1.35552812043444,1.7400541305542,100,,,
612,sf-market-500,1.39091556778756,0.680934429168701,36,,,
613,sf-market-500,2.05162692612489,3.3112804889679,204,,,
614,sf-market-500,1.93352088409543,2.65011239051819,128,,,
615,sf-market-500,1.59276414699313,0.582424163818359,37,,,
616,sf-market-500,1.35432485028308,0.671078681945801,37,,,
617,sf-market-500,1.86081800327019,1.45603847503662,94,,,
618,sf-market-500,1.96313810437199,0.561522483825684,35,,,
619,sf-market-500,1.29277492867515,1.94669342041016,104,,,
620,sf-market-500,1.83209397034083,1.62742733955383,107,,,
621,sf-market-500,1.92548553430453,0.586278676986694,34,,,
622,sf-market-500,2.43922118348154,1.78525733947754,103,,,
623,sf-market-500,1.69587343975302,1.95588803291321,131,,,
624,sf-market-500,1.46836744898171,0.614692449569702,41,,,
625,sf-market-500,1.58956671039637,1.27036833763123,94,,,
626,sf-market-500,1.32551646269519,0.639284610748291,41,,,
627,sf-market-500,2.57831931355742,2.00920629501343,115,,,
628,sf-market-500,1.57656470255811,0.569107532501221,33,,,
629,sf-market-500,1.21636610126668,1.51292610168457,87,,,
630,sf-market-500,1.95818344369753,1.52216839790344,105,,,
631,sf-market-500,1.53902058972346,2.00900483131409,103,,,
632,sf-market-500,1.56101062576514,0.696994543075562,42,,,
633,sf-market-500,1.61613868423955,0.599300146102905,37,,,
634,sf-market-500,1.83702148293147,0.59305739402771,35,,,
635,sf-market-500,1.91982130184395,0.612092733383179,38,,,
636,sf-market-500,2.12334255094259,2.84540605545044,122,,,
637,sf-market-500,2.28830807544439,2.14796996116638,149,,,
638,sf-market-500,2.52712881394362,2.51720190048218,119,,,
639,sf-market-500,1.79588023387251,0.497563362121582,29,,,
640,sf-market-500,1.82305779271866,0.84433913230896,46,,,
641,sf-market-500,1.48924280017268,0.599892377853394,35,,,
642,sf-market-500,1.84140488928405,1.77874970436096,106,,,
643,sf-market-500,1.43504674717135,0.56510591506958,35,,,
644,sf-market-500,2.09686106912978,2.41120862960815,127,,,
645,sf-market-500,1.8145220661363,2.16115570068359,112,,,
646,sf-market-500,1.52695110710418,1.97183108329773,123,,,
647,sf-market-500,1.26998998623017,0.520344495773315,34,,,
648,sf-market-500,2.16488214102001,0.502936363220215,31,,,
649,sf-market-500,1.54167327130772,1.01737308502197,58,,,
650,sf-market-500,1.57355907484605,2.1883225440979,114,,,
651,sf-market-500,1.66765766179044,2.44546914100647,154,,,
652,sf-market-500,1.66251021716292,1.89430594444275,119,,,
653,sf-market-500,1.6074916252652,1.51935863494873,89,,,
654,sf-market-500,2.0662708764569,1.95363450050354,114,,,
655,sf-market-500,2.4435442051956,0.564361572265625,34,,,
656,sf-market-500,1.93158498659399,2.44939947128296,130,,,
657,sf-market-500,2.02884009167121,1.77095007896423,110,,,
658,sf-market-500,2.38460902769898,0.725076198577881,39,,,
659,sf-market-500,2.3280814587798,1.0080246925354,61,,,
660,sf-market-500,2.11790945933596,2.23023343086243,157,,,
661,sf-market-500,2.19873960659765,2.1052508354187,118,,,
662,sf-market-500,2.37168185309934,1.63906574249268,90,,,
663,sf-market-500,1.41461417724712,0.616350889205933,35,,,
664,sf-market-500,1.47435791011349,0.53059983253479,34,,,
665,sf-market-500,2.74774749138615,2.2709801197052,129,,,
666,sf-market-500,2.37528909467384,0.618116855621338,37,,,
667,sf-market-500,1.45886790081543,2.02178597450256,159,,,
668,sf-market-500,1.22063743378653,0.541834592819214,34,,,
669,sf-market-500,1.88318317995561,0.764336347579956,42,,,
670,sf-market-500,2.35119667083756,1.62667560577393,114,,,
671,sf-market-500,1.39171508605164,1.70545244216919,103,,,
672,sf-market-500,1.53724813312077,1.98329305648804,149,,,
673,sf-market-500,1.33832188419059,1.8901481628418,103,,,
674,sf-market-500,1.44517460249184,1.71968293190002,89,,,
675,sf-market-500,1.39162343008751,1.77504348754883,114,,,
676,sf-market-500,1.87461418553685,0.553869962692261,33,,,
677,sf-market-500,2.27678083040175,1.38010859489441,107,,,
678,sf-market-500,1.29907115169986,0.996931076049805,58,,,
679,sf-market-500,1.35579359036043,1.7664532661438,106,,,
680,sf-market-500,2.45026163904216,0.787668228149414,55,,,
681,sf-market-500,3.08222144049575,2.70510482788086,139,,,
682,sf-market-500,2.05907227862836,0.518880128860474,29,,,
683,sf-market-500,1.57416514206623,0.659412622451782,40,,,
684,sf-market-500,1.63196087337754,0.729441642761231,40,,,
685,sf-market-500,1.77513521286975,1.55890965461731,117,,,
686,sf-market-500,2.32138579298044,1.93231272697449,121,,,
687,sf-market-500,1.18449785229118,1.5603289604187,102,,,
688,sf-market-500,1.41056417886536,1.37189078330994,116,,,
689,sf-market-500,1.81599656299982,0.807860851287842,41,,,
690,sf-market-500,1.38309766749741,0.707356691360474,39,,,
691,sf-market-500,2.43702102353726,1.89059114456177,123,,,
692,sf-market-500,1.56359499865824,1.22634553909302,64,,,
693,sf-market-500,1.15716851893057,1.46179962158203,113,,,
694,sf-market-500,1.84604620056067,1.99322128295898,112,,,
695,sf-market-500,1.97274443883957,0.799124956130981,50,,,
696,sf-market-500,2.75978570337048,1.63084983825684,108,,,
697,sf-market-500,1.83172960631968,0.876625061035156,50,,,
698,sf-market-500,1.67361685697005,2.4967086315155,122,,,
699,sf-market-500,1.62164889369839,0.617431640625,37,,,
700,sf-market-500,2.92706166213751,3.25634765625,150,,,
701,sf-market-500,1.68324439786978,2.93288588523865,141,,,
702,sf-market-500,1.27519069591194,0.61964750289917,39,,,
703,sf-market-500,1.48942729277963,0.744742393493652,42,,,
704,sf-market-500,1.53269096901,2.140061378479,131,,,
705,sf-market-500,1.54036818850556,1.71627521514893,112,,,
706,sf-market-500,1.19805819968332,0.575259923934937,36,,,
707,sf-market-500,2.11696211615453,2.25562906265259,142,,,
708,sf-market-500,2.26783463950444,1.96949481964111,103,,,
709,sf-market-500,2.15705959691425,1.75048589706421,111,,,
710,sf-market-500,1.67958803684332,1.29941034317017,61,,,
711,sf-market-500,1.66018506034608,2.19892334938049,117,,,
712,sf-market-500,2.47610004813208,2.58340430259705,160,,,
713,sf-market-500,1.57167598360779,0.543259859085083,30,,,
714,sf-market-500,1.38140983733901,1.68999862670898,93,,,
715,sf-market-500,2.34050553214508,1.918869972229,125,,,
716,sf-market-500,1.40089695083002,1.76355171203613,113,,,
717,sf-market-500,1.42031584438296,2.0613522529602,124,,,
718,sf-market-500,1.59764679716335,2.25139498710632,157,,,
719,sf-market-500,1.71805781643721,1.82125782966614,112,,,
720,sf-market-500,1.22171467868176,1.53589487075806,90,,,
721,sf-market-500,1.40295830889814,1.46335101127625,108,,,
722,sf-market-500,1.6554416376037,2.22560453414917,117,,,
723,sf-market-500,1.34348618342031,2.31856179237366,129,,,
724,sf-market-500,1.81543009917397,0.694621801376343,45,,,
725,sf-market-500,1.72508598929094,0.500322818756104,32,,,
726,sf-market-500,1.71187452648106,0.680755138397217,37,,,
727,sf-market-500,1.47390047003304,0.500616550445557,32,,,
728,sf-market-500,1.59793357877432,1.94473171234131,117,,,
729,sf-market-500,1.76065143524795,1.77361297607422,89,,,
730,sf-market-500,1.69797525669577,0.556752443313599,33,,,
731,sf-market-500,2.50988754313595,0.752949953079224,35,,,
732,sf-market-500,2.43285207360388,0.658625841140747,36,,,
733,sf-market-500,1.97674017091127,0.64238691329956,39,,,
734,sf-market-500,2.40756454964699,0.61078405380249,35,,,
735,sf-market-500,2.56302014993238,0.776827573776245,48,,,
736,sf-market-500,2.59543299428421,0.568760871887207,37,,,
737,sf-market-500,2.72696013940031,1.78598856925964,119,,,
738,sf-market-500,2.78275839759621,1.84448838233948,115,,,
739,sf-market-500,1.69868940385146,1.8804087638855,115,,,
740,sf-market-500,1.2181689482928,0.613428592681885,41,,,
741,sf-market-500,1.63988024380385,0.643708467483521,31,,,
742,sf-market-500,1.5964231981888,0.566092491149902,35,,,
743,sf-market-500,1.58443666338425,0.737920522689819,39,,,
744,sf-market-500,1.74585861298715,2.21490049362183,134,,,
745,sf-market-500,1.24895318395948,1.74287629127502,95,,,
746,sf-market-500,2.33718726340219,0.525585412979126,32,,,
747,sf-market-500,1.67185755010913,2.33601188659668,143,,,
748,sf-market-500,2.10559083977793,1.83376026153564,110,,,
749,sf-market-500,1.81945029775463,1.98127698898315,104,,,
750,sf-market-500,2.08540225596755,0.755831718444824,51,,,
751,sf-market-500,1.54206235784106,1.68099856376648,98,,,
752,sf-market-500,2.00640691084937,0.579396486282349,35,,,
753,sf-market-500,1.47085319681963,1.52892088890076,95,,,
754,sf-market-500,1.62216040472197,0.540874242782593,36,,,
755,sf-market-500,1.591266677113,1.53779602050781,82,,,
756,sf-market-500,1.53026010190701,0.845417499542236,41,,,
757,sf-market-500,1.92417703064914,3.29049754142761,205,,,
758,sf-market-500,1.41877870298123,0.538573265075684,31,,,
759,sf-market-500,1.12296118145286,0.649008989334106,42,,,
760,sf-market-500,1.42255973058318,0.596402883529663,33,,,
761,sf-market-500,1.78947474664952,0.557884931564331,33,,,
762,sf-market-500,1.3202714747647,1.78175020217896,101,,,
763,sf-market-500,1.33695691230017,0.64114236831665,39,,,
764,sf-market-500,1.58408656909815,0.600042104721069,35,,,
765,sf-market-500,1.34191419177995,1.38677763938904,114,,,
766,sf-market-500,1.66682040897059,0.577223539352417,35,,,
767,sf-market-500,2.2755791913012,0.962904691696167,46,,,
768,sf-market-500,2.02581124354686,0.707621335983276,37,,,
769,sf-market-500,1.81952902104103,2.54207825660706,140,,,
770,sf-market-500,1.87842323597087,0.651303052902222,42,,,
771,sf-market-500,1.41192628848059,0.599571466445923,36,,,
772,sf-market-500,2.25342986799915,2.30854654312134,162,,,
773,sf-market-500,1.17105139784154,0.870257139205933,50,,,
774,sf-market-500,1.40296815299629,0.62586784362793,40,,,
775,sf-market-500,3.33550331084456,2.06297898292541,128,,,
776,sf-market-500,1.77221146401126,1.96946978569031,120,,,
777,sf-market-500,1.57430546931036,0.691899538040161,39,,,
778,sf-market-500,2.96649990634709,0.682344198226929,35,,,
779,sf-market-500,2.67740470643163,1.0070972442627,56,,,
780,sf-market-500,1.42886660774367,1.58668875694275,99,,,
781,sf-market-500,1.28413266515872,0.658794641494751,43,,,
782,sf-market-500,3.47998767670195,1.50108981132507,104,,,
783,sf-market-500,2.00811928821696,2.0465350151062,118,,,
784,sf-market-500,1.88255998120621,1.95790243148804,112,,,
785,sf-market-500,1.43137180888789,0.564254760742188,35,,,
786,sf-market-500,1.29285954513273,1.47799730300903,119,,,
787,sf-market-500,1.12516943202708,1.85854458808899,109,,,
788,sf-market-500,1.59907647798939,1.76996421813965,114,,,
789,sf-market-500,1.28738249452407,0.568002939224243,36,,,
790,sf-market-500,1.54699537739536,0.569396018981934,34,,,
791,sf-market-500,1.56595110467987,0.720801830291748,35,,,
792,sf-market-500,1.68298835127681,0.678742408752441,36,,,
793,sf-market-500,1.4009076503281,0.956903457641602,58,,,
794,sf-market-500,1.35673150430642,0.896403312683106,54,,,
795,sf-market-500,1.84989346389184,2.39704442024231,114,,,
796,sf-market-500,1.95719997031762,0.685546875,49,,,
797,sf-market-500,2.09642449056435,2.21173095703125,143,,,
798,sf-market-500,1.60113161867311,2.15422916412354,126,,,
799,sf-market-500,2.23119638617072,1.77483677864075,75,,,
800,sf-market-500,1.61619873925717,0.543580055236816,33,,,
801,sf-market-500,1.69348071858683,1.9625198841095,104,,,
802,sf-market-500,1.91382350437098,1.58436918258667,106,,,
803,sf-market-500,1.36777197449025,1.22303366661072,72,,,
804,sf-market-500,2.52486986038325,1.2636251449585,99,,,
805,sf-market-500,1.51761508219046,2.13063526153564,109,,,
806,sf-market-500,1.48514458207612,1.8732705116272,131,,,
807,sf-market-500,1.57311330545265,0.572284460067749,33,,,
808,sf-market-500,2.58205785170013,0.561111211776733,33,,,
809,sf-market-500,1.38647424067569,0.658981561660767,41,,,
810,sf-market-500,1.26355155398538,1.67716431617737,93,,,
811,sf-market-500,2.01219018865314,0.658246755599976,35,,,
812,sf-market-500,2.10611537122398,1.42052483558655,89,,,
813,sf-market-500,1.3503528603334,0.530093669891357,36,,,
814,sf-market-500,1.85703993776347,0.608593940734863,37,,,
815,sf-market-500,1.22994842829171,0.834981918334961,48,,,
816,sf-market-500,1.30816592726435,1.97746849060059,85,,,
817,sf-market-500,1.86196102862342,1.73205280303955,116,,,
818,sf-market-500,2.06022404587233,1.41516423225403,116,,,
819,sf-market-500,3.19319135001178,1.67626094818115,127,,,
820,sf-market-500,2.1997745413868,0.645062685012817,33,,,
821,sf-market-500,1.57828751194136,2.06610918045044,109,,,
822,sf-market-500,1.22477932039694,2.61128687858582,140,,,
823,sf-market-500,1.40295597001751,2.15896201133728,120,,,
824,sf-market-500,1.61614895908092,0.578364610671997,35,,,
825,sf-market-500,1.82041184591888,1.71177077293396,96,,,
826,sf-market-500,1.13351400304171,2.25183939933777,150,,,
827,sf-market-500,1.2412226902799,0.683247566223145,37,,,
828,sf-market-500,2.52894384619734,2.05760812759399,113,,,
829,sf-market-500,1.80816562819533,0.504727602005005,33,,,
830,sf-market-500,1.55633330717509,0.727846145629883,40,,,
831,sf-market-500,1.80418014135109,2.11388230323791,128,,,
832,sf-market-500,2.57539313160029,1.27366828918457,92,,,
833,sf-market-500,1.23743775460285,2.21965074539185,153,,,
834,sf-market-500,2.04758263000362,1.74900341033936,105,,,
835,sf-market-500,1.62236528052776,1.25057625770569,66,,,
836,sf-market-500,1.28015752241538,1.768230676651,95,,,
837,sf-market-500,2.34282774300788,1.83137559890747,110,,,
838,sf-market-500,1.55567779145164,2.12877011299133,112,,,
839,sf-market-500,1.15001014137709,0.575565814971924,37,,,
840,sf-market-500,1.26125235493245,0.609917402267456,34,,,
841,sf-market-500,2.18627520980277,0.541972637176514,32,,,
842,sf-market-500,2.30856564148346,0.690940618515015,43,,,
843,sf-market-500,1.74360424219995,2.05133748054504,123,,,
844,sf-market-500,2.10730306189273,1.88380551338196,124,,,
845,sf-market-500,1.4395120165463,2.02436423301697,107,,,
846,sf-market-500,2.44983857709352,1.72625517845154,115,,,
847,sf-market-500,2.37604399492244,0.610737800598145,36,,,
848,sf-market-500,2.37673057259492,2.35039687156677,127,,,
849,sf-market-500,1.14445575018884,1.70426774024963,93,,,
850,sf-market-500,1.49789621856759,0.597398281097412,36,,,
851,sf-market-500,2.7962604574581,2.34823942184448,129,,,
852,sf-market-500,2.24078750010336,0.601837396621704,37,,,
853,sf-market-500,1.1323209340175,1.69626116752625,110,,,
854,sf-market-500,1.4829451034337,1.78462934494019,112,,,
855,sf-market-500,1.77276237760533,2.26380205154419,127,,,
856,sf-market-500,1.41424039270039,0.9709792137146,51,,,
857,sf-market-500,1.59747223597232,1.54399967193604,106,,,
858,sf-market-500,1.90345865012249,1.50239443778992,106,,,
859,sf-market-500,1.80645308333723,2.35482382774353,118,,,
860,sf-market-500,2.50397138341137,2.33414316177368,140,,,
861,sf-market-500,1.94856236093104,3.02374815940857,202,,,
862,sf-market-500,1.72137386474288,0.843304395675659,44,,,
863,sf-market-500,2.5488661454643,1.55720973014832,119,,,
864,sf-market-500,3.00473252134985,2.17604446411133,119,,,
865,sf-market-500,1.72900273316088,0.743653774261475,37,,,
866,sf-market-500,1.61939212407991,0.585961580276489,35,,,
867,sf-market-500,1.92508026672193,0.564666032791138,32,,,
868,sf-market-500,1.7791627410697,0.607540607452393,35,,,
869,sf-market-500,1.33519007716936,2.02213978767395,107,,,
870,sf-market-500,1.72222010454878,1.6177351474762,106,,,
871,sf-market-500,1.57459489366738,2.53406095504761,140,,,
872,sf-market-500,2.31890383868361,1.60775589942932,115,,,
873,sf-market-500,1.29571920368385,0.62440824508667,39,,,
874,sf-market-500,2.11907006300072,1.77339506149292,119,,,
875,sf-market-500,1.54412146078095,0.846996307373047,42,,,
876,sf-market-500,1.80447201441986,2.2113196849823,127,,,
877,sf-market-500,2.42612046222879,2.93604016304016,139,,,
878,sf-market-500,1.69727240555737,2.106858253479,115,,,
879,sf-market-500,2.0479634825931,0.505616426467896,30,,,
880,sf-market-500,1.50373804257639,0.613959074020386,37,,,
881,sf-market-500,1.37340054588645,2.2328245639801,133,,,
882,sf-market-500,1.83325266516549,2.4620189666748,128,,,
883,sf-market-500,1.23852121773306,0.667470216751099,36,,,
884,sf-market-500,1.96475007676528,1.79843854904175,104,,,
885,sf-market-500,1.87280911544099,2.28437900543213,123,,,
886,sf-market-500,1.70555830998599,1.59097814559937,93,,,
887,sf-market-500,1.69927222704788,0.480130195617676,31,,,
888,sf-market-500,1.40893333446774,1.87439107894897,103,,,
889,sf-market-500,1.12717629381856,0.584604024887085,35,,,
890,sf-market-500,1.36788012397338,2.33740973472595,137,,,
891,sf-market-500,1.49256931300475,0.716993093490601,41,,,
892,sf-market-500,1.50233914002595,1.54475951194763,105,,,
893,sf-market-500,1.63339180278647,0.544625520706177,33,,,
894,sf-market-500,1.39229737950396,1.30469679832459,119,,,
895,sf-market-500,3.02195063931156,1.91728734970093,115,,,
896,sf-market-500,1.44948708504265,1.59561705589294,99,,,
897,sf-market-500,1.32024129685479,0.847510099411011,53,,,
898,sf-market-500,2.21920481349008,2.13598108291626,119,,,
899,sf-market-500,1.48117257579177,2.35729932785034,166,,,
900,sf-market-500,2.59093970987504,1.32661581039429,104,,,
901,sf-market-500,1.26093025916111,0.598900079727173,34,,,
902,sf-market-500,1.21976443813551,1.09152483940125,51,,,
903,sf-market-500,1.55060035169685,0.589478015899658,34,,,
904,sf-market-500,1.806773188374,1.08830833435059,68,,,
905,sf-market-500,1.74013700902565,1.59648847579956,123,,,
906,sf-market-500,1.75990894498874,0.487973213195801,31,,,
907,sf-market-500,1.22214877175121,1.88666653633118,109,,,
908,sf-market-500,1.40106880609579,1.72753548622131,99,,,
909,sf-market-500,1.6064762462169,0.759021997451782,41,,,
910,sf-market-500,1.6898257478625,1.77201509475708,102,,,
911,sf-market-500,1.73695962426019,0.559179782867432,33,,,
912,sf-market-500,1.27075215820357,0.625900745391846,35,,,
913,sf-market-500,2.3133058666236,1.60632228851318,102,,,
914,sf-market-500,2.02814648907721,1.71427273750305,108,,,
915,sf-market-500,1.88727357932256,2.76155805587769,129,,,
916,sf-market-500,1.45460107673879,0.584902286529541,34,,,
917,sf-market-500,1.28563606652698,1.49601101875305,98,,,
918,sf-market-500,1.64349594002725,0.575468301773071,37,,,
919,sf-market-500,1.98392764328213,2.51336765289307,126,,,
920,sf-market-500,1.7178527603653,2.1705014705658,135,,,
921,sf-market-500,1.46098284978949,1.86451172828674,100,,,
922,sf-market-500,1.29418673145629,1.80410265922546,89,,,
923,sf-market-500,1.31546556039993,1.01136589050293,61,,,
924,sf-market-500,1.35269731450809,0.563519716262817,36,,,
925,sf-market-500,3.41154350064219,1.46770739555359,122,,,
926,sf-market-500,1.39960284064809,1.5971462726593,103,,,
927,sf-market-500,1.61459670590323,0.774141788482666,42,,,
928,sf-market-500,1.2474399951002,0.478585481643677,32,,,
929,sf-market-500,1.80111748797708,0.667077541351318,40,,,
930,sf-market-500,1.98796187467178,0.615906715393066,36,,,
931,sf-market-500,1.76393962536922,0.557087898254395,35,,,
932,sf-market-500,2.38444838229834,1.16025876998901,59,,,
933,sf-market-500,1.26925523776176,1.83150696754456,107,,,
934,sf-market-500,1.40686335345334,0.576016902923584,37,,,
935,sf-market-500,1.28000792247259,2.21746826171875,113,,,
936,sf-market-500,1.21530972754585,1.61055660247803,81,,,
937,sf-market-500,1.46662529646437,2.34369349479675,132,,,
938,sf-market-500,1.46685546804163,0.675129175186157,43,,,
939,sf-market-500,1.75428226786633,0.675204753875732,46,,,
940,sf-market-500,1.60011447025192,1.86211848258972,115,,,
941,sf-market-500,1.59642657925562,2.45930314064026,122,,,
942,sf-market-500,1.15627720690186,2.44538021087646,123,,,
943,sf-market-500,1.97995356031537,0.905370712280273,54,,,
944,sf-market-500,1.82132295703005,1.72262716293335,89,,,
945,sf-market-500,1.50712711254402,0.686254262924194,37,,,
946,sf-market-500,1.48225290949577,0.683972358703613,38,,,
947,sf-market-500,1.56190254050201,2.06196737289429,118,,,
948,sf-market-500,2.29681658797146,0.576510429382324,33,,,
949,sf-market-500,2.07206012400526,1.68853235244751,126,,,
950,sf-market-500,1.13435158472706,0.598272800445557,41,,,
951,sf-market-500,1.2040711145098,0.57527756690979,35,,,
952,sf-market-500,1.32163031412959,1.64933919906616,112,,,
953,sf-market-500,1.39362511598534,0.595218181610107,36,,,
954,sf-market-500,2.36031222022278,1.94422101974487,130,,,
955,sf-market-500,1.57004899514532,0.768241167068481,41,,,
956,sf-market-500,1.7998380549369,0.637708902359009,39,,,
957,sf-market-500,2.47542019672655,2.01970863342285,156,,,
958,sf-market-500,1.49268464147523,0.683738231658935,39,,,
959,sf-market-500,1.71024469951631,1.57480263710022,95,,,
960,sf-market-500,1.91641352689883,1.66498780250549,87,,,
961,sf-market-500,1.35933987511504,0.716038465499878,42,,,
962,sf-market-500,2.41132103490538,2.44880676269531,123,,,
963,sf-market-500,1.31084695095108,0.689578771591187,40,,,
964,sf-market-500,1.17426305580365,1.64904403686523,92,,,
965,sf-market-500,1.31594482598963,0.596063375473022,38,,,
966,sf-market-500,1.46416923976921,0.58830451965332,35,,,
967,sf-market-500,1.44239249914707,0.765086650848389,36,,,
968,sf-market-500,1.91389505967213,2.03741478919983,120,,,
969,sf-market-500,1.29852679176931,0.699126243591309,38,,,
970,sf-market-500,2.07329129783314,2.16478228569031,107,,,
971,sf-market-500,1.28731531897942,1.78495740890503,103,,,
972,sf-market-500,1.57563873536445,0.707698345184326,41,,,
973,sf-market-500,1.46935232690853,1.83339500427246,111,,,
974,sf-market-500,1.98503921723069,0.579386472702026,37,,,
975,sf-market-500,1.77845030347964,0.707011938095093,34,,,
976,sf-market-500,2.45135762869228,0.836251974105835,41,,,
977,sf-market-500,1.32186470727796,0.616779565811157,38,,,
978,sf-market-500,2.03826962132833,1.56968688964844,108,,,
979,sf-market-500,1.41421640501829,0.51507306098938,31,,,
980,sf-market-500,1.94322780998734,0.568850755691528,33,,,
981,sf-market-500,1.28004481074447,2.36308073997498,118,,,
982,sf-market-500,1.41019091017269,0.624511957168579,35,,,
983,sf-market-500,1.72624431527163,0.782116174697876,39,,,
984,sf-market-500,1.31666010789034,0.715467214584351,41,,,
985,sf-market-500,2.20731189705838,0.636947870254517,38,,,
986,sf-market-500,1.36685549672344,0.821798086166382,45,,,
987,sf-market-500,2.37292889834785,0.554344892501831,34,,,
988,sf-market-500,1.66737215290286,0.753230810165405,37,,,
989,sf-market-500,1.29941455191623,0.771146297454834,41,,,
990,sf-market-500,1.563219702327,2.65109324455261,136,,,
991,sf-market-500,1.38242093317779,1.76608443260193,92,,,
992,sf-market-500,1.20720453441735,0.592634201049805,40,,,
993,sf-market-500,1.51375002200751,1.88506817817688,112,,,
994,sf-market-500,2.3036980783928,2.13304877281189,107,,,
995,sf-market-500,2.03680217390652,0.654051780700684,37,,,
996,sf-market-500,1.49820369319728,1.7308030128479,110,,,
997,sf-market-500,2.368592469316,1.85542607307434,113,,,
998,sf-market-500,1.79174526560369,1.8356192111969,137,,,
999,sf-market-500,1.32447444204627,0.590547323226929,37,,,
