Index,Graph,Flow Cost,Time (sec),Num Iters,,
0,sf-market-500,8.88002849446886,2.11402344703674,126,,
1,sf-market-500,9.24485072775073,11.4421277046204,1001,,
2,sf-market-500,7.11454574633637,0.41874885559082,29,,
3,sf-market-500,8.60702679725769,1.65091800689697,144,,
4,sf-market-500,6.58984336175711,0.366194486618042,25,,
5,sf-market-500,8.29080892388786,1.76820254325867,139,,
6,sf-market-500,7.40878844285568,2.15926766395569,154,,
7,sf-market-500,6.66002153305566,0.534100532531738,37,,
8,sf-market-500,7.74947746113121,1.1062343120575,80,,
9,sf-market-500,7.08574983518387,2.12766814231873,182,,
10,sf-market-500,7.78375383667349,0.610342502593994,37,,
11,sf-market-500,7.00076874067346,2.25975155830383,154,,
12,sf-market-500,7.10603406538199,1.69437289237976,110,,
13,sf-market-500,7.45391805404188,0.482355833053589,33,,
14,sf-market-500,10.135880370888,1.74664187431335,126,,
15,sf-market-500,8.92614834305407,0.7667555809021,49,,
16,sf-market-500,6.9753146748648,0.541011571884155,40,,
17,sf-market-500,7.91731483588301,0.637457370758057,49,,
18,sf-market-500,7.21231882147809,0.428593158721924,30,,
19,sf-market-500,6.94899115847037,1.17634320259094,119,,Median Time
20,sf-market-500,6.5756162386954,1.60639905929565,88,,1.39606869220734
21,sf-market-500,8.37887664456984,1.62874698638916,112,,
22,sf-market-500,8.91256929897423,2.19394874572754,155,,
23,sf-market-500,7.63297436108241,1.52609705924988,95,,
24,sf-market-500,7.02701039316563,0.413144826889038,26,,
25,sf-market-500,8.01587439459794,1.94317483901978,107,,
26,sf-market-500,7.13569102456973,1.85048294067383,111,,
27,sf-market-500,7.69496459964075,0.562857389450073,38,,
28,sf-market-500,6.99481442390441,0.982737302780151,71,,
29,sf-market-500,6.66140854477033,1.58501052856445,101,,
30,sf-market-500,9.39507161440666,1.94254851341248,142,,
31,sf-market-500,8.06850988683584,2.57524728775024,153,,
32,sf-market-500,6.71938100246639,0.451202869415283,31,,
33,sf-market-500,6.69594510427695,0.400738477706909,28,,
34,sf-market-500,10.1400597371041,1.42154312133789,93,,
35,sf-market-500,7.13841518482484,0.597401857376099,41,,
36,sf-market-500,10.3893937698603,2.23628973960876,149,,
37,sf-market-500,7.37194911997797,1.68537616729736,106,,
38,sf-market-500,7.20854687338761,0.437212705612183,32,,
39,sf-market-500,6.89640173595972,0.383867502212524,26,,
40,sf-market-500,8.35943955404012,1.24993371963501,74,,
41,sf-market-500,6.62651860329293,0.548220157623291,34,,
42,sf-market-500,7.82783380711665,1.91491031646729,214,,
43,sf-market-500,7.709354589229,1.84195232391357,104,,
44,sf-market-500,7.33344287433938,0.598830223083496,47,,
45,sf-market-500,7.11095482725994,0.4774010181427,33,,
46,sf-market-500,7.02998248374461,0.440798282623291,30,,
47,sf-market-500,9.09547402957055,2.37332129478455,127,,
48,sf-market-500,7.91916743732871,2.30173301696777,161,,
49,sf-market-500,7.51305013199673,1.4410605430603,77,,
50,sf-market-500,8.03082877607172,0.494603157043457,36,,
51,sf-market-500,6.93162806042224,1.53026723861694,76,,
52,sf-market-500,7.45900045795975,1.73572635650635,110,,
53,sf-market-500,10.4865850660925,11.5561742782593,1001,,
54,sf-market-500,8.18315152627952,1.89291501045227,138,,
55,sf-market-500,7.32066669325786,11.6863217353821,1001,,
56,sf-market-500,7.07839537234869,2.45102429389954,147,,
57,sf-market-500,7.99653061115248,0.499208688735962,37,,
58,sf-market-500,6.85613596620576,0.385809183120728,27,,
59,sf-market-500,7.2374393948451,1.70877289772034,121,,
60,sf-market-500,10.7978122599837,2.27262902259827,195,,
61,sf-market-500,7.7013187050768,1.41140556335449,109,,
62,sf-market-500,7.8413406812727,0.70580792427063,49,,
63,sf-market-500,6.91237338110069,0.543169260025024,34,,
64,sf-market-500,6.7675051436635,1.68218588829041,109,,
65,sf-market-500,8.10447589980721,2.00608944892883,136,,
66,sf-market-500,7.8282001179629,2.36300730705261,175,,
67,sf-market-500,9.00330544716877,1.63514995574951,112,,
68,sf-market-500,7.73914599376294,1.72800898551941,121,,
69,sf-market-500,8.1920699874895,1.49923706054688,115,,
70,sf-market-500,7.41620415680939,0.533513784408569,41,,
71,sf-market-500,7.27193539149271,2.14563322067261,218,,
72,sf-market-500,7.73829226186472,0.487890243530273,34,,
73,sf-market-500,6.69116860337339,1.88090085983276,100,,
74,sf-market-500,7.21693374213284,1.93251705169678,126,,
75,sf-market-500,8.17613898900771,1.7506787776947,112,,
76,sf-market-500,7.53812777746448,11.2672529220581,1001,,
77,sf-market-500,8.01461699850114,1.56153798103333,134,,
78,sf-market-500,7.24307095677744,0.500939607620239,38,,
79,sf-market-500,7.12383930294904,0.529638290405273,34,,
80,sf-market-500,6.96980095272948,1.94274830818176,118,,
81,sf-market-500,7.21744136047002,2.33417844772339,146,,
82,sf-market-500,7.46546461583517,0.658862829208374,52,,
83,sf-market-500,7.85011895761532,1.90294241905212,118,,
84,sf-market-500,7.65117818297549,2.04346442222595,196,,
85,sf-market-500,8.02449504651314,0.956202745437622,56,,
86,sf-market-500,8.67631440598617,2.52577447891235,181,,
87,sf-market-500,6.67809525779105,0.413340091705322,28,,
88,sf-market-500,7.12010643613342,0.450819730758667,30,,
89,sf-market-500,9.9334428252874,0.63484787940979,50,,
90,sf-market-500,7.19418727158848,0.458764791488647,32,,
91,sf-market-500,7.24192566962261,2.04492378234863,123,,
92,sf-market-500,7.59000073851442,0.52263617515564,34,,
93,sf-market-500,8.6287029228448,1.53071331977844,94,,
94,sf-market-500,7.13960312647668,0.610779523849487,42,,
95,sf-market-500,7.68274834873364,2.45649170875549,124,,
96,sf-market-500,7.38442659859022,0.413738012313843,28,,
97,sf-market-500,6.72551422788803,0.544414758682251,42,,
98,sf-market-500,7.09737385625708,0.579009771347046,40,,
99,sf-market-500,7.63087262760013,1.94216084480286,118,,
100,sf-market-500,7.12104321676667,0.401757001876831,29,,
101,sf-market-500,6.76447581928809,1.76578664779663,117,,
102,sf-market-500,7.31645127013605,0.69234561920166,48,,
103,sf-market-500,6.71720348757455,0.449260234832764,31,,
104,sf-market-500,8.21623380675251,0.396404981613159,28,,
105,sf-market-500,6.82775924962913,1.26631665229797,97,,
106,sf-market-500,6.97523884442744,0.401942491531372,29,,
107,sf-market-500,7.62087776462507,1.28271627426147,83,,
108,sf-market-500,7.51891425382801,0.713605880737305,43,,
109,sf-market-500,7.16489969949896,0.446931123733521,32,,
110,sf-market-500,7.38059416817905,2.07458591461182,154,,
111,sf-market-500,6.83805319030323,0.424359798431397,30,,
112,sf-market-500,6.82569695370409,1.94211983680725,134,,
113,sf-market-500,8.93079694779495,2.40001058578491,177,,
114,sf-market-500,10.3831396269575,2.03441381454468,135,,
115,sf-market-500,7.82396885447809,1.49124908447266,112,,
116,sf-market-500,7.32643913445771,0.429810762405396,31,,
117,sf-market-500,6.5909472519924,0.461047887802124,31,,
118,sf-market-500,7.14549160673451,0.4640212059021,36,,
119,sf-market-500,10.6375753406166,1.65398097038269,128,,
120,sf-market-500,8.45096553157644,1.7585232257843,111,,
121,sf-market-500,6.86754555561847,0.434713363647461,30,,
122,sf-market-500,7.08025469551337,1.71283769607544,153,,
123,sf-market-500,6.97320606832379,0.906243801116943,58,,
124,sf-market-500,7.12260246459378,1.96903657913208,143,,
125,sf-market-500,8.62222483256361,1.63540720939636,105,,
126,sf-market-500,7.73414316466898,0.610332727432251,47,,
127,sf-market-500,8.51704161426754,0.545273542404175,37,,
128,sf-market-500,8.60673285666269,1.35239720344543,118,,
129,sf-market-500,8.40899570437158,2.65689063072205,155,,
130,sf-market-500,7.57857470356115,1.75697588920593,109,,
131,sf-market-500,8.68990354461706,1.15054750442505,90,,
132,sf-market-500,7.66687525879518,1.60542678833008,98,,
133,sf-market-500,7.66490600841917,1.63990020751953,100,,
134,sf-market-500,7.95929182686443,0.427396774291992,30,,
135,sf-market-500,7.11403976796278,1.98953986167908,117,,
136,sf-market-500,8.9076549513787,2.14258360862732,143,,
137,sf-market-500,11.858554609064,1.61119341850281,141,,
138,sf-market-500,6.51051015145966,0.756568193435669,54,,
139,sf-market-500,9.4325444780366,0.76102614402771,61,,
140,sf-market-500,9.21096210409799,1.33544874191284,102,,
141,sf-market-500,8.29314168959664,1.29187154769897,115,,
142,sf-market-500,9.78341387741623,7.29293656349182,593,,
143,sf-market-500,7.30587557288628,1.81613230705261,132,,
144,sf-market-500,9.14329355492152,1.76021218299866,141,,
145,sf-market-500,6.64264425954116,0.447511196136475,31,,
146,sf-market-500,7.5071071161887,1.7592785358429,113,,
147,sf-market-500,8.30839126652993,0.391497373580933,28,,
148,sf-market-500,6.91732595467475,0.598221063613892,36,,
149,sf-market-500,6.71250448333562,0.38849139213562,27,,
150,sf-market-500,7.09477487869052,1.52994394302368,93,,
151,sf-market-500,7.73699118684359,1.32939291000366,109,,
152,sf-market-500,9.51925298622852,0.556575059890747,38,,
153,sf-market-500,8.6376063993093,1.50185942649841,94,,
154,sf-market-500,6.61295792359026,1.67229652404785,101,,
155,sf-market-500,6.65661139045471,0.67221736907959,52,,
156,sf-market-500,7.85375443513902,0.480807542800903,29,,
157,sf-market-500,7.83022500504113,2.27297925949097,132,,
158,sf-market-500,7.26051166296928,1.77966046333313,105,,
159,sf-market-500,7.53163987618468,0.4647216796875,30,,
160,sf-market-500,6.57441528607808,1.98565602302551,151,,
161,sf-market-500,7.61196247837644,0.349307298660278,24,,
162,sf-market-500,7.0195489449957,0.636530637741089,41,,
163,sf-market-500,6.76384998602753,0.413167238235474,29,,
164,sf-market-500,7.44900587069638,0.483624696731567,33,,
165,sf-market-500,7.09707496717483,0.419310569763184,28,,
166,sf-market-500,7.66357622992251,2.26872825622559,168,,
167,sf-market-500,8.69277682204934,2.28330063819885,134,,
168,sf-market-500,7.19002079894116,0.384287834167481,24,,
169,sf-market-500,7.27476298327271,1.43975615501404,95,,
170,sf-market-500,7.47934919504134,2.13782691955566,135,,
171,sf-market-500,7.93846025076211,0.461501359939575,33,,
172,sf-market-500,6.76932840272206,0.543070793151856,41,,
173,sf-market-500,8.45048183739305,3.19099712371826,249,,
174,sf-market-500,7.08696444735324,0.458426713943482,32,,
175,sf-market-500,6.79517267011944,0.386295795440674,27,,
176,sf-market-500,6.98696292447764,0.573684930801392,37,,
177,sf-market-500,8.49803891847847,11.1981315612793,1001,,
178,sf-market-500,6.75287110446259,1.55080246925354,87,,
179,sf-market-500,6.5170394449746,0.4325852394104,31,,
180,sf-market-500,7.01980403438791,0.469425916671753,32,,
181,sf-market-500,6.86661015317047,0.489412307739258,36,,
182,sf-market-500,7.4963638224418,0.438492298126221,33,,
183,sf-market-500,6.98175031215077,0.3961181640625,28,,
184,sf-market-500,6.70609563336623,0.409797430038452,31,,
185,sf-market-500,7.18090696505809,0.435948610305786,30,,
186,sf-market-500,6.95596569105974,1.63198351860046,109,,
187,sf-market-500,8.22473179650866,1.51504325866699,105,,
188,sf-market-500,10.5339665917631,2.3649435043335,261,,
189,sf-market-500,7.40289948257049,1.60120105743408,107,,
190,sf-market-500,6.66176451075056,0.409323453903198,29,,
191,sf-market-500,8.52476057789079,1.65182876586914,127,,
192,sf-market-500,11.1628245272591,1.4962797164917,120,,
193,sf-market-500,7.74810434417812,1.70891261100769,104,,
194,sf-market-500,6.810520704265,2.05337405204773,201,,
195,sf-market-500,8.36121111569603,1.7901713848114,126,,
196,sf-market-500,7.51738337736678,1.99731659889221,114,,
197,sf-market-500,6.95334328691444,0.370967388153076,25,,
198,sf-market-500,7.14350351180578,0.582723617553711,33,,
199,sf-market-500,7.22797146667466,0.70080828666687,50,,
200,sf-market-500,10.4646852258369,11.2837178707123,1001,,
201,sf-market-500,8.85352423486972,1.29958343505859,105,,
202,sf-market-500,6.7823183996361,0.484494209289551,33,,
203,sf-market-500,6.68301720632672,0.349714517593384,24,,
204,sf-market-500,8.75832559387956,2.03785610198975,127,,
205,sf-market-500,6.76049846528712,1.27702951431274,97,,
206,sf-market-500,7.0012742856626,0.378210783004761,26,,
207,sf-market-500,7.40417544291679,0.616277456283569,46,,
208,sf-market-500,6.70327969298912,2.15739488601685,123,,
209,sf-market-500,7.94932095536285,1.83812046051025,103,,
210,sf-market-500,7.66609334244246,0.643745899200439,46,,
211,sf-market-500,8.40970469575769,1.71612811088562,100,,
212,sf-market-500,8.78126331267828,0.633664846420288,45,,
213,sf-market-500,8.52115415201896,1.39794206619263,105,,
214,sf-market-500,7.0990132096365,0.49471926689148,34,,
215,sf-market-500,7.21440921909433,0.462347030639648,34,,
216,sf-market-500,8.41678348846754,0.438640356063843,31,,
217,sf-market-500,6.75764841214879,1.54122996330261,92,,
218,sf-market-500,8.15909852261395,1.84635233879089,127,,
219,sf-market-500,7.74029922488962,1.97214579582214,121,,
220,sf-market-500,8.50147113976688,1.46279001235962,84,,
221,sf-market-500,7.01592618425259,0.521539211273193,36,,
222,sf-market-500,7.21637612665336,0.468705415725708,30,,
223,sf-market-500,7.3021755313559,2.35126757621765,147,,
224,sf-market-500,7.15210447911951,0.484036922454834,34,,
225,sf-market-500,7.57676328234632,2.0917489528656,129,,
226,sf-market-500,7.08463976642717,0.407848596572876,29,,
227,sf-market-500,7.78049059031713,1.30688714981079,76,,
228,sf-market-500,6.63784639781566,0.627420663833618,48,,
229,sf-market-500,7.07785798847739,1.00794458389282,47,,
230,sf-market-500,7.21781326856206,0.774466276168823,60,,
231,sf-market-500,7.64435725989254,1.83766007423401,115,,
232,sf-market-500,7.0360833570484,0.481926202774048,31,,
233,sf-market-500,8.46856298335451,1.55110144615173,103,,
234,sf-market-500,12.4973087571561,1.64974713325501,114,,
235,sf-market-500,8.18334775650289,3.81050324440002,107,,
236,sf-market-500,6.82440838091725,1.82629728317261,106,,
237,sf-market-500,6.57615259166297,8.70502352714539,736,,
238,sf-market-500,9.38716343377375,0.637689590454102,38,,
239,sf-market-500,9.22776816064893,1.68654441833496,106,,
240,sf-market-500,11.9492972192088,0.818113088607788,71,,
241,sf-market-500,6.71344635249919,1.88192296028137,108,,
242,sf-market-500,7.30061838050531,0.47049355506897,33,,
243,sf-market-500,8.64968263975186,1.74207162857056,134,,
244,sf-market-500,6.65963823549002,1.05583429336548,81,,
245,sf-market-500,6.53385476157354,0.423352241516113,29,,
246,sf-market-500,6.9512235918391,0.465914011001587,25,,
247,sf-market-500,6.68133985002913,0.429731607437134,28,,
248,sf-market-500,7.21984344639128,0.457606554031372,31,,
249,sf-market-500,8.20976242500769,1.44205522537231,100,,
250,sf-market-500,10.0391345600588,11.2800290584564,1001,,
251,sf-market-500,7.37785153485887,0.605622291564941,37,,
252,sf-market-500,7.7784612731179,0.447365283966064,31,,
253,sf-market-500,8.06080478046098,1.83833932876587,123,,
254,sf-market-500,7.08832841672164,0.593774318695068,44,,
255,sf-market-500,9.47157654736812,11.3064239025116,1001,,
256,sf-market-500,6.97643301263776,1.47089004516602,86,,
257,sf-market-500,7.83829002433678,0.460297346115112,29,,
258,sf-market-500,9.82858065310313,2.26156258583069,122,,
259,sf-market-500,7.30263893635853,1.68679261207581,118,,
260,sf-market-500,8.41268677667094,1.86909151077271,171,,
261,sf-market-500,9.22138947395915,1.7666175365448,148,,
262,sf-market-500,8.55025999433208,1.61396837234497,99,,
263,sf-market-500,9.42805267281387,1.81433939933777,109,,
264,sf-market-500,7.27469630271877,1.73753356933594,80,,
265,sf-market-500,8.64313946898053,1.05567026138306,87,,
266,sf-market-500,7.37087546028856,2.14821004867554,187,,
267,sf-market-500,7.28847396420556,0.532788038253784,31,,
268,sf-market-500,6.87165034668153,0.407204151153564,30,,
269,sf-market-500,7.4716013174168,0.547245025634766,40,,
270,sf-market-500,8.13305716840913,1.47736048698425,71,,
271,sf-market-500,8.3329632990884,0.490591526031494,33,,
272,sf-market-500,7.97221707727306,1.50114917755127,103,,
273,sf-market-500,6.84047128385436,0.595190048217773,43,,
274,sf-market-500,10.2493229770081,1.43639373779297,96,,
275,sf-market-500,7.38069454461827,0.456558227539063,34,,
276,sf-market-500,6.6582139118456,0.40988302230835,28,,
277,sf-market-500,8.99167212331675,1.400634765625,110,,
278,sf-market-500,7.59407227798915,0.510514497756958,31,,
279,sf-market-500,6.91122685741176,0.507985591888428,38,,
280,sf-market-500,7.53439994474952,0.508287668228149,36,,
281,sf-market-500,9.88592648567689,1.51975703239441,105,,
282,sf-market-500,6.94766597996775,0.451980829238892,31,,
283,sf-market-500,7.80762786568763,0.515264272689819,35,,
284,sf-market-500,10.6023337785115,0.553064346313477,38,,
285,sf-market-500,7.16881057008491,11.7614924907684,982,,
286,sf-market-500,7.34189900542554,1.53473138809204,77,,
287,sf-market-500,7.41634501307173,1.50525379180908,113,,
288,sf-market-500,7.94331069853605,0.55208683013916,40,,
289,sf-market-500,8.51251818161664,8.26300644874573,727,,
290,sf-market-500,7.53387306682608,2.09608602523804,163,,
291,sf-market-500,7.85374800640509,2.10366058349609,126,,
292,sf-market-500,8.33359622496164,1.57102537155151,98,,
293,sf-market-500,6.69918296210627,1.47144556045532,106,,
294,sf-market-500,7.34944672137892,0.691211700439453,35,,
295,sf-market-500,7.54480020403206,1.37130904197693,98,,
296,sf-market-500,8.1617599744485,1.78994703292847,137,,
297,sf-market-500,7.48857478213584,0.498270988464356,33,,
298,sf-market-500,8.73409241888431,1.6054573059082,97,,
299,sf-market-500,7.21110423779432,1.32233476638794,106,,
300,sf-market-500,7.40686029415363,0.511369705200195,33,,
301,sf-market-500,8.52985679358859,1.80420255661011,178,,
302,sf-market-500,6.72718523655974,0.420294046401978,30,,
303,sf-market-500,7.91017257523535,0.338198900222778,24,,
304,sf-market-500,6.52438463475429,1.80294919013977,114,,
305,sf-market-500,8.10918101945817,1.61998605728149,98,,
306,sf-market-500,7.3051236159654,1.96975827217102,133,,
307,sf-market-500,6.93026241791329,0.758792400360107,53,,
308,sf-market-500,8.08348513734375,1.58294296264648,119,,
309,sf-market-500,6.66871743221547,0.470608711242676,34,,
310,sf-market-500,8.03240567547925,1.65570378303528,93,,
311,sf-market-500,6.94567707659814,0.708379745483398,41,,
312,sf-market-500,8.49225930632207,1.24772191047668,106,,
313,sf-market-500,8.358404775798,0.441585302352905,30,,
314,sf-market-500,8.33350194040992,1.9394474029541,118,,
315,sf-market-500,7.65949392159856,1.55442571640015,114,,
316,sf-market-500,8.18570396226168,1.46259164810181,94,,
317,sf-market-500,6.7447168733459,1.63939905166626,116,,
318,sf-market-500,7.46176166908463,1.77306246757507,111,,
319,sf-market-500,7.91233005074335,0.504997491836548,33,,
320,sf-market-500,6.87039285540947,1.09129571914673,90,,
321,sf-market-500,7.62085778782834,0.428856134414673,30,,
322,sf-market-500,8.81255434439122,0.444265365600586,31,,
323,sf-market-500,6.56390016022359,0.493117332458496,34,,
324,sf-market-500,6.56286423186559,0.392359972000122,27,,
325,sf-market-500,8.3436490476214,1.33423590660095,68,,
326,sf-market-500,7.08378300352056,3.3482940196991,97,,
327,sf-market-500,7.22638988272511,1.60857343673706,93,,
328,sf-market-500,7.28205841466417,2.14766454696655,115,,
329,sf-market-500,6.99321449611904,1.3320574760437,101,,
330,sf-market-500,6.95981244304322,1.50345230102539,96,,
331,sf-market-500,7.5916689074347,0.507650136947632,36,,
332,sf-market-500,7.61188904470535,1.57406640052795,100,,
333,sf-market-500,8.50546498491605,2.29175591468811,145,,
334,sf-market-500,6.85242064147991,0.460535764694214,33,,
335,sf-market-500,6.85305877463232,0.388124704360962,26,,
336,sf-market-500,7.1721053768394,0.528863430023193,27,,
337,sf-market-500,7.47088498528027,1.46047401428223,87,,
338,sf-market-500,6.83619217623044,0.805724859237671,64,,
339,sf-market-500,6.68416408828628,0.509664058685303,34,,
340,sf-market-500,7.67283661805693,0.418846845626831,29,,
341,sf-market-500,9.58403200948868,0.571255683898926,36,,
342,sf-market-500,7.41439017455321,1.68944716453552,107,,
343,sf-market-500,9.21274052078519,1.39974665641785,108,,
344,sf-market-500,6.77958418893305,0.496634721755982,34,,
345,sf-market-500,7.25631119214878,1.48213005065918,114,,
346,sf-market-500,6.97078548112696,1.94076132774353,123,,
347,sf-market-500,7.31770917241449,0.420770645141602,30,,
348,sf-market-500,6.91315654498071,0.401033878326416,28,,
349,sf-market-500,7.74544649370175,0.451815605163574,33,,
350,sf-market-500,7.06296601316505,0.461089134216309,28,,
351,sf-market-500,6.91043531116887,0.403484106063843,29,,
352,sf-market-500,7.04915431426593,0.512390613555908,36,,
353,sf-market-500,7.541137501538,0.457767009735107,32,,
354,sf-market-500,7.07892021720501,0.492611646652222,35,,
355,sf-market-500,9.26308594099602,1.73963379859924,108,,
356,sf-market-500,7.96541701559172,1.64919662475586,118,,
357,sf-market-500,6.65967273269894,0.410350799560547,28,,
358,sf-market-500,7.93732601901428,0.511597394943237,37,,
359,sf-market-500,6.78810828560121,0.716649770736694,51,,
360,sf-market-500,8.29546611381902,1.44184470176697,94,,
361,sf-market-500,7.29673761832809,0.501939296722412,34,,
362,sf-market-500,8.42832005441329,1.14887285232544,118,,
363,sf-market-500,7.52193740626229,1.47903323173523,96,,
364,sf-market-500,7.08859863709733,1.45894408226013,90,,
365,sf-market-500,7.06083230748816,11.614363193512,1001,,
366,sf-market-500,6.63938207517817,1.69138312339783,101,,
367,sf-market-500,7.54047164422056,0.420290231704712,29,,
368,sf-market-500,7.34207636663332,2.19839453697205,105,,
369,sf-market-500,6.81481187257842,0.466287851333618,32,,
370,sf-market-500,6.5750659656511,0.365446805953979,25,,
371,sf-market-500,6.82179805962676,1.49646806716919,93,,
372,sf-market-500,9.60725052941319,1.81222271919251,135,,
373,sf-market-500,10.4190648675193,0.969726800918579,92,,
374,sf-market-500,6.9229329541592,0.466935396194458,33,,
375,sf-market-500,8.30880827287756,2.03288769721985,173,,
376,sf-market-500,7.83062969151064,0.412934303283691,29,,
377,sf-market-500,7.15681159980948,2.16809892654419,144,,
378,sf-market-500,10.1891831616468,0.990304708480835,63,,
379,sf-market-500,7.79810788266403,1.94715166091919,118,,
380,sf-market-500,9.16627428121202,1.59215950965881,115,,
381,sf-market-500,7.86526407406033,0.558182001113892,38,,
382,sf-market-500,7.85697604853992,1.68000912666321,105,,
383,sf-market-500,6.8572436863104,2.33727288246155,146,,
384,sf-market-500,7.23665648596763,0.491014957427979,25,,
385,sf-market-500,8.91749595961597,1.60189771652222,122,,
386,sf-market-500,6.74491464373294,2.07900619506836,134,,
387,sf-market-500,6.90365695053979,0.471465110778809,32,,
388,sf-market-500,6.67057473231496,0.37540602684021,26,,
389,sf-market-500,7.09254844255906,0.499964952468872,37,,
390,sf-market-500,6.53255307293404,0.38382625579834,27,,
391,sf-market-500,7.08537735357664,0.413541078567505,26,,
392,sf-market-500,7.31475778161401,0.600782871246338,40,,
393,sf-market-500,7.05823120045377,0.591326475143433,42,,
394,sf-market-500,7.17063637617651,1.78105735778809,124,,
395,sf-market-500,8.30716335534389,1.66565775871277,126,,
396,sf-market-500,8.1630419807415,1.3204357624054,86,,
397,sf-market-500,7.81888151191838,1.72596883773804,95,,
398,sf-market-500,9.51462514675363,1.69917416572571,116,,
399,sf-market-500,7.78875844138641,0.408138275146484,29,,
400,sf-market-500,7.08427019985907,1.37847113609314,74,,
401,sf-market-500,7.98849201616448,1.95849800109863,151,,
402,sf-market-500,7.65139234882728,2.29814267158508,146,,
403,sf-market-500,9.29957040112094,2.40045261383057,181,,
404,sf-market-500,7.41540943506271,0.571848392486572,36,,
405,sf-market-500,6.81446329667709,0.517874956130981,39,,
406,sf-market-500,7.09898283721953,1.53430509567261,87,,
407,sf-market-500,9.2358181460477,1.37046885490417,95,,
408,sf-market-500,8.57450708042776,1.70276570320129,113,,
409,sf-market-500,7.08927359461176,4.35963225364685,321,,
410,sf-market-500,9.20113765430636,1.7892336845398,162,,
411,sf-market-500,7.50007993689912,0.517539739608765,38,,
412,sf-market-500,6.66777030808449,1.84840941429138,104,,
413,sf-market-500,9.07105741105541,1.6291356086731,94,,
414,sf-market-500,6.92335524408929,0.530836343765259,37,,
415,sf-market-500,9.91312756031917,1.88851571083069,150,,
416,sf-market-500,6.88949993358822,0.72757363319397,46,,
417,sf-market-500,6.78904522284505,0.466075658798218,33,,
418,sf-market-500,6.56180337251801,11.2733945846558,1001,,
419,sf-market-500,8.06028635558633,1.64548420906067,110,,
420,sf-market-500,7.35346802263275,31.802768945694,1001,,
421,sf-market-500,7.75344157343398,0.444360971450806,31,,
422,sf-market-500,7.43167933663167,0.884720325469971,47,,
423,sf-market-500,7.19135546309111,0.542873620986939,30,,
424,sf-market-500,8.58321246280201,1.92031502723694,111,,
425,sf-market-500,7.80156702536474,1.86768937110901,120,,
426,sf-market-500,7.29898178841441,1.90831804275513,175,,
427,sf-market-500,7.22347380537894,1.82584691047668,129,,
428,sf-market-500,7.04200852056581,1.66503477096558,101,,
429,sf-market-500,7.15161925042725,0.542890071868897,34,,
430,sf-market-500,7.20039491831411,0.671069145202637,53,,
431,sf-market-500,8.19057397354821,1.51142692565918,85,,
432,sf-market-500,7.1242796112481,0.559494495391846,40,,
433,sf-market-500,7.17005348631773,0.824098110198975,54,,
434,sf-market-500,8.58280817059814,0.557482242584229,32,,
435,sf-market-500,8.17981311200499,1.80834889411926,136,,
436,sf-market-500,8.57021121551985,0.487448692321777,35,,
437,sf-market-500,7.25734474234096,0.467482089996338,32,,
438,sf-market-500,6.85027140179471,0.462332963943482,32,,
439,sf-market-500,7.74249786268182,1.31580257415771,76,,
440,sf-market-500,7.04891273568072,0.497864007949829,33,,
441,sf-market-500,7.05401703408938,0.456948757171631,31,,
442,sf-market-500,6.61833838465195,1.97497320175171,168,,
443,sf-market-500,6.58435012965853,0.607625007629395,35,,
444,sf-market-500,9.68267391304874,1.20759582519531,100,,
445,sf-market-500,8.03072091571489,1.48698568344116,94,,
446,sf-market-500,6.57990618084579,0.437433242797852,31,,
447,sf-market-500,7.30475933263984,1.20448660850525,96,,
448,sf-market-500,6.83885643646497,1.77476096153259,104,,
449,sf-market-500,7.71567578098799,1.94412779808044,141,,
450,sf-market-500,7.36728449645987,1.62222623825073,98,,
451,sf-market-500,8.1489835596086,1.32569909095764,83,,
452,sf-market-500,7.30831364434338,2.27488803863525,174,,
453,sf-market-500,7.89577822316641,0.519415140151978,36,,
454,sf-market-500,7.39935235840592,0.437482595443726,31,,
455,sf-market-500,8.18673027141121,2.29386711120605,129,,
456,sf-market-500,7.49215607162238,0.439271688461304,31,,
457,sf-market-500,8.57321283628856,1.84297227859497,157,,
458,sf-market-500,6.8197529157628,1.0936484336853,68,,
459,sf-market-500,7.77752773388951,0.793489694595337,40,,
460,sf-market-500,8.94604733660516,2.04986882209778,140,,
461,sf-market-500,8.25801074730864,2.11803221702576,105,,
462,sf-market-500,6.90759742481686,0.495883941650391,35,,
463,sf-market-500,12.4207801392301,1.43553137779236,105,,
464,sf-market-500,6.98133904393347,0.460143089294434,31,,
465,sf-market-500,9.95057458371959,1.2590925693512,95,,
466,sf-market-500,6.99968492834686,0.416228532791138,29,,
467,sf-market-500,8.74241804295826,2.54480695724487,239,,
468,sf-market-500,9.2976014250318,1.57728981971741,142,,
469,sf-market-500,8.48965566178244,0.954303979873657,59,,
470,sf-market-500,6.88052965768075,2.62254285812378,160,,
471,sf-market-500,6.9638882129011,1.75765943527222,108,,
472,sf-market-500,6.82307907590075,0.410716772079468,27,,
473,sf-market-500,7.25877967487637,1.41157960891724,111,,
474,sf-market-500,6.68228928683934,0.490918874740601,28,,
475,sf-market-500,9.1127624272013,2.76470112800598,245,,
476,sf-market-500,7.38056496743555,0.495219469070435,32,,
477,sf-market-500,7.49371675986732,0.482200384140015,34,,
478,sf-market-500,7.05441717768178,1.7106819152832,101,,
479,sf-market-500,7.62329632611565,5.04230356216431,408,,
480,sf-market-500,7.38629045659298,0.486118316650391,33,,
481,sf-market-500,8.99562748205214,1.93534636497498,159,,
482,sf-market-500,7.30990684242601,1.74572443962097,130,,
483,sf-market-500,7.29290588892998,2.18377876281738,113,,
484,sf-market-500,7.91794418258523,1.40819931030273,111,,
485,sf-market-500,7.00693929290074,0.662904739379883,46,,
486,sf-market-500,9.58419255671686,0.473275661468506,32,,
487,sf-market-500,7.13007750744244,1.72818064689636,91,,
488,sf-market-500,8.67764421659155,2.63983964920044,168,,
489,sf-market-500,7.4282892547689,1.85641837120056,111,,
490,sf-market-500,7.6659683784926,0.563660144805908,37,,
491,sf-market-500,7.73121645114652,2.0201404094696,141,,
492,sf-market-500,6.97371524226945,0.406107425689697,28,,
493,sf-market-500,7.90469167297164,1.84644913673401,126,,
494,sf-market-500,7.23405409816949,1.8283793926239,115,,
495,sf-market-500,7.0951507767842,0.381970882415771,27,,
496,sf-market-500,6.89141798178926,0.380593299865723,27,,
497,sf-market-500,8.14295511702363,1.20654916763306,99,,
498,sf-market-500,6.78405197601084,2.31350541114807,123,,
499,sf-market-500,7.0540283985628,0.492340803146362,34,,
500,sf-market-500,6.79104569555383,0.396899461746216,28,,
501,sf-market-500,7.14066758620629,1.98033380508423,103,,
502,sf-market-500,7.88430988907387,1.59603333473206,111,,
503,sf-market-500,6.97575628220453,0.512102127075195,38,,
504,sf-market-500,7.24254683503365,1.95240139961243,159,,
505,sf-market-500,7.27980683921376,0.413289070129395,29,,
506,sf-market-500,7.7272300985981,1.67651867866516,127,,
507,sf-market-500,9.74966321794959,1.60005474090576,124,,
508,sf-market-500,6.61937061056837,2.08024883270264,110,,
509,sf-market-500,7.16113418368565,2.34897375106812,114,,
510,sf-market-500,7.65946447464452,2.09093928337097,131,,
511,sf-market-500,7.60859038535195,1.6966233253479,111,,
512,sf-market-500,7.01398989243765,0.474489212036133,30,,
513,sf-market-500,7.18566430755263,1.8743212223053,132,,
514,sf-market-500,7.66128140051593,1.85516500473022,148,,
515,sf-market-500,7.49459946577194,0.619957208633423,46,,
516,sf-market-500,9.4281735155765,1.56019520759583,111,,
517,sf-market-500,7.42423890849048,1.52535033226013,121,,
518,sf-market-500,9.70616691055786,0.490775585174561,32,,
519,sf-market-500,7.0090416754686,1.17404699325562,105,,
520,sf-market-500,6.88368543614504,1.98399925231934,125,,
521,sf-market-500,8.51958544770694,1.76946711540222,148,,
522,sf-market-500,7.77086959626022,1.88594675064087,90,,
523,sf-market-500,7.10088558584723,2.09029364585876,150,,
524,sf-market-500,7.01987767888036,2.26268243789673,164,,
525,sf-market-500,7.94093426097036,0.431800603866577,30,,
526,sf-market-500,7.34705054157667,1.33816909790039,79,,
527,sf-market-500,9.10998723757109,10.9864654541016,1001,,
528,sf-market-500,7.45717763399017,0.392398118972778,28,,
529,sf-market-500,7.00435230958241,0.392830610275269,28,,
530,sf-market-500,7.70107590154096,0.483776092529297,34,,
531,sf-market-500,9.69643954670936,0.686578035354614,53,,
532,sf-market-500,6.59293820193494,1.6614830493927,98,,
533,sf-market-500,8.18224390361908,1.83761262893677,113,,
534,sf-market-500,10.2799726866857,1.51615524291992,124,,
535,sf-market-500,7.54625313273951,2.15714192390442,163,,
536,sf-market-500,6.84312685212146,0.460331439971924,35,,
537,sf-market-500,6.88962596238935,0.423846960067749,30,,
538,sf-market-500,8.46660171253705,1.18945264816284,96,,
539,sf-market-500,10.0290938929591,2.09827733039856,125,,
540,sf-market-500,8.92804604985344,11.4439969062805,1001,,
541,sf-market-500,6.98794710506304,0.478286266326904,33,,
542,sf-market-500,7.27607894362064,1.481276512146,81,,
543,sf-market-500,8.76463263783126,1.53490853309631,111,,
544,sf-market-500,6.68854444584817,1.57851338386536,89,,
545,sf-market-500,6.6369555952158,1.36588597297668,95,,
546,sf-market-500,8.85443457067401,1.5649938583374,125,,
547,sf-market-500,7.24516014615359,2.34792637825012,150,,
548,sf-market-500,6.9983019098459,0.39418363571167,27,,
549,sf-market-500,7.05871990453603,0.418091773986816,28,,
550,sf-market-500,10.4025085279071,0.515021800994873,35,,
551,sf-market-500,7.0981465157641,2.31104755401611,133,,
552,sf-market-500,7.26036159729905,2.10588955879211,141,,
553,sf-market-500,6.76493517801948,1.64714097976685,84,,
554,sf-market-500,8.03952501053585,1.47454786300659,100,,
555,sf-market-500,8.60615300578482,0.829331398010254,48,,
556,sf-market-500,9.84874870115278,1.54810619354248,97,,
557,sf-market-500,7.5546885598901,1.416011095047,113,,
558,sf-market-500,6.72988787577143,0.371280670166016,25,,
559,sf-market-500,8.3929364447078,1.82413864135742,135,,
560,sf-market-500,7.78460269578077,0.470472097396851,33,,
561,sf-market-500,6.73047324151254,0.592095375061035,46,,
562,sf-market-500,7.93010719768605,11.2037961483002,1001,,
563,sf-market-500,8.08103485045276,1.84753084182739,119,,
564,sf-market-500,8.97086506348827,1.79151272773743,117,,
565,sf-market-500,7.23178636328257,0.438385486602783,31,,
566,sf-market-500,7.15972233360411,1.2813675403595,95,,
567,sf-market-500,13.0634727740172,1.6920177936554,137,,
568,sf-market-500,8.42926655932127,0.359630584716797,25,,
569,sf-market-500,7.211363273046,0.441393613815308,32,,
570,sf-market-500,6.6853704967514,0.63889741897583,50,,
571,sf-market-500,7.32498141893389,0.373089551925659,26,,
572,sf-market-500,8.2867379835884,2.62486910820007,214,,
573,sf-market-500,7.14550930796704,1.82528138160706,164,,
574,sf-market-500,7.26627881936251,0.55983304977417,41,,
575,sf-market-500,7.92674931791799,0.373294115066528,27,,
576,sf-market-500,8.345007317397,1.36536645889282,106,,
577,sf-market-500,8.38822825652426,1.96869468688965,127,,
578,sf-market-500,8.39429291198776,0.490541219711304,35,,
579,sf-market-500,7.4091332218125,0.49968695640564,35,,
580,sf-market-500,7.08172442428473,0.423252582550049,30,,
581,sf-market-500,7.18765888879903,1.30269312858582,97,,
582,sf-market-500,7.88440156300308,0.677309274673462,44,,
583,sf-market-500,7.26098048725123,0.52088475227356,34,,
584,sf-market-500,7.35473770979718,0.479338884353638,28,,
585,sf-market-500,8.66076635099085,1.3703145980835,122,,
586,sf-market-500,6.64181814139513,1.87377023696899,108,,
587,sf-market-500,7.66338855844715,1.7011923789978,117,,
588,sf-market-500,9.4462757546317,1.93551397323608,200,,
589,sf-market-500,7.76375722064262,0.513697862625122,37,,
590,sf-market-500,8.30978395925647,1.56032800674438,137,,
591,sf-market-500,6.99805282057887,0.532679557800293,33,,
592,sf-market-500,10.0454181254106,0.411170721054077,28,,
593,sf-market-500,7.15713106002911,1.59129309654236,78,,
594,sf-market-500,6.78293375650811,1.59496474266052,101,,
595,sf-market-500,6.82056144804699,1.05689144134521,76,,
596,sf-market-500,7.48474241243281,1.62325191497803,146,,
597,sf-market-500,7.29975437528539,0.40256404876709,28,,
598,sf-market-500,9.63647353959878,1.55897521972656,121,,
599,sf-market-500,6.85145758143099,0.489263534545898,34,,
600,sf-market-500,7.95948334255716,1.57134222984314,138,,
601,sf-market-500,9.72134397652893,1.91369962692261,105,,
602,sf-market-500,8.06816158333469,6.40427446365356,535,,
603,sf-market-500,11.1757477214913,1.84489464759827,119,,
604,sf-market-500,6.8775252069106,1.56616640090942,87,,
605,sf-market-500,6.6733897083595,1.63414430618286,99,,
606,sf-market-500,7.12215440669455,1.52261519432068,107,,
607,sf-market-500,8.241742479327,0.400667190551758,28,,
608,sf-market-500,8.8450269455595,1.78700613975525,126,,
609,sf-market-500,8.15109144539754,1.69164371490479,123,,
610,sf-market-500,6.86634894252785,0.438625812530518,31,,
611,sf-market-500,7.11281884433002,0.404865980148315,28,,
612,sf-market-500,6.83295097615942,0.517650842666626,39,,
613,sf-market-500,7.56891984759974,1.628098487854,102,,
614,sf-market-500,9.10809314180982,1.60956406593323,110,,
615,sf-market-500,7.18706063148504,0.452369928359985,33,,
616,sf-market-500,6.90027711735814,0.443433523178101,31,,
617,sf-market-500,8.92141869636741,0.639362812042236,49,,
618,sf-market-500,7.83209745531194,1.38970685005188,109,,
619,sf-market-500,7.08943215179964,1.67936229705811,117,,
620,sf-market-500,7.53637850842003,0.636494636535645,46,,
621,sf-market-500,7.22043316350444,0.895536184310913,50,,
622,sf-market-500,9.45188739842529,1.39957022666931,105,,
623,sf-market-500,8.07965678214925,1.65009164810181,127,,
624,sf-market-500,7.23409862932952,0.622907400131226,49,,
625,sf-market-500,7.31971904062314,2.18081641197205,146,,
626,sf-market-500,6.62461193499381,0.457036256790161,32,,
627,sf-market-500,10.1812552082821,2.59645962715149,165,,
628,sf-market-500,6.63229024955918,0.451307773590088,32,,
629,sf-market-500,7.09654191528547,1.17061400413513,94,,
630,sf-market-500,8.16876757125278,1.43608903884888,73,,
631,sf-market-500,7.79487168393897,0.556957244873047,32,,
632,sf-market-500,6.62030418158381,1.82623314857483,115,,
633,sf-market-500,7.15793749255642,0.473976850509644,33,,
634,sf-market-500,9.38125015253968,11.3143408298492,1001,,
635,sf-market-500,7.57523683508742,0.481550693511963,33,,
636,sf-market-500,9.03461708947006,2.12585544586182,164,,
637,sf-market-500,7.43273571114102,0.33512020111084,24,,
638,sf-market-500,9.7281128736628,1.05860829353333,55,,
639,sf-market-500,7.317057668898,1.53017640113831,80,,
640,sf-market-500,7.49613980213321,0.462966203689575,31,,
641,sf-market-500,6.79253447619936,0.546782732009888,35,,
642,sf-market-500,7.65066712976878,0.524979591369629,38,,
643,sf-market-500,6.85996167784096,0.429821968078613,32,,
644,sf-market-500,9.5720422328656,2.09558987617493,140,,
645,sf-market-500,8.7765888890011,0.543301105499268,34,,
646,sf-market-500,7.81482976589409,1.69160676002502,130,,
647,sf-market-500,6.88867671717127,0.470894336700439,33,,
648,sf-market-500,8.99759059601423,1.55334520339966,179,,
649,sf-market-500,7.75535822964579,12.5433623790741,1001,,
650,sf-market-500,7.8566180588854,0.597883701324463,33,,
651,sf-market-500,7.52983297962035,1.74364280700684,113,,
652,sf-market-500,8.29927412119054,2.00847935676575,116,,
653,sf-market-500,7.08092833076787,1.94209408760071,120,,
654,sf-market-500,10.1143745915983,11.3716793060303,1001,,
655,sf-market-500,8.63999194760904,2.21323227882385,114,,
656,sf-market-500,8.69424811747278,1.99199891090393,144,,
657,sf-market-500,17.454552985316,12.1145431995392,1001,,
658,sf-market-500,7.15310918482383,2.50186944007874,150,,
659,sf-market-500,8.16807379002737,0.432490348815918,29,,
660,sf-market-500,6.87085899283627,0.586817502975464,47,,
661,sf-market-500,7.50529610923435,0.483644008636475,33,,
662,sf-market-500,9.67028683099798,1.76746892929077,150,,
663,sf-market-500,7.5959733723397,1.79953646659851,108,,
664,sf-market-500,6.81426141074627,0.46333646774292,31,,
665,sf-market-500,7.3465958513484,0.666393756866455,36,,
666,sf-market-500,7.08122772916043,0.445196866989136,30,,
667,sf-market-500,6.99895907265246,0.461663722991943,32,,
668,sf-market-500,7.03212943742241,0.597235202789307,46,,
669,sf-market-500,7.3882799208677,1.42237138748169,142,,
670,sf-market-500,9.02032522608872,0.547302722930908,35,,
671,sf-market-500,7.05769488933688,1.5233473777771,100,,
672,sf-market-500,7.84360917245304,0.57729434967041,40,,
673,sf-market-500,7.46762340041671,1.78136706352234,113,,
674,sf-market-500,7.05150233878764,0.468937873840332,32,,
675,sf-market-500,7.73007992547765,2.6063756942749,150,,
676,sf-market-500,7.98746804566352,0.448781251907349,32,,
677,sf-market-500,9.52318872813761,0.508212804794312,35,,
678,sf-market-500,7.20206925553947,1.50140428543091,97,,
679,sf-market-500,7.15400457630233,1.9954137802124,104,,
680,sf-market-500,9.91607427169534,1.39833879470825,107,,
681,sf-market-500,7.65895292151026,1.993248462677,117,,
682,sf-market-500,9.13940469449041,1.86147212982178,110,,
683,sf-market-500,6.85487317253982,1.40123534202576,100,,
684,sf-market-500,8.12377973261926,0.423416614532471,29,,
685,sf-market-500,8.74059134275603,1.7242968082428,129,,
686,sf-market-500,9.82339265788635,0.891870021820068,65,,
687,sf-market-500,6.94354352786445,0.809729337692261,64,,
688,sf-market-500,6.98924259893462,0.48475456237793,34,,
689,sf-market-500,7.9226876661792,0.425616979598999,31,,
690,sf-market-500,7.05110190040645,1.57393980026245,77,,
691,sf-market-500,7.03675123468502,0.781086206436157,55,,
692,sf-market-500,7.62940179604362,1.4701726436615,94,,
693,sf-market-500,6.90760356525046,1.53518652915955,108,,
694,sf-market-500,7.56128795466935,1.78639936447144,120,,
695,sf-market-500,7.00204086589064,0.480464935302734,34,,
696,sf-market-500,7.98879787078055,0.405339241027832,27,,
697,sf-market-500,8.16642244118057,1.77168583869934,106,,
698,sf-market-500,8.14433552761154,1.89598441123962,122,,
699,sf-market-500,6.99201281833237,0.450811624526978,31,,
700,sf-market-500,10.6503363786397,0.625826835632324,37,,
701,sf-market-500,8.46669147010059,1.37388157844543,111,,
702,sf-market-500,7.19626708112962,0.63116717338562,48,,
703,sf-market-500,7.11431149243483,1.16156363487244,92,,
704,sf-market-500,8.06085801432046,0.491655349731445,34,,
705,sf-market-500,8.05611031950693,1.92869353294373,137,,
706,sf-market-500,6.85200070375338,0.551906824111939,39,,
707,sf-market-500,7.67264837688823,0.505862236022949,36,,
708,sf-market-500,7.01340171831811,1.47540473937988,74,,
709,sf-market-500,9.57290147140558,1.64921593666077,135,,
710,sf-market-500,7.95799556871004,2.10931777954102,116,,
711,sf-market-500,8.10613879656112,1.48051953315735,113,,
712,sf-market-500,11.6967862602559,11.3046431541443,1001,,
713,sf-market-500,7.41615715287015,2.05828452110291,120,,
714,sf-market-500,6.99204216843652,0.592808485031128,44,,
715,sf-market-500,9.51113088778028,1.35686254501343,90,,
716,sf-market-500,7.55603058224657,0.442421674728394,32,,
717,sf-market-500,7.5394523546515,1.56668591499329,96,,
718,sf-market-500,7.23561939677034,1.6773099899292,141,,
719,sf-market-500,7.95205089511955,0.486817121505737,34,,
720,sf-market-500,6.83341934167158,0.496607303619385,37,,
721,sf-market-500,7.54567308809129,2.01875448226929,141,,
722,sf-market-500,8.1748045901898,1.97461724281311,143,,
723,sf-market-500,7.66276581826489,1.66257238388062,104,,
724,sf-market-500,7.84133775533677,0.42525577545166,30,,
725,sf-market-500,6.86124107807137,0.456851243972778,32,,
726,sf-market-500,7.97430050269599,1.52791857719421,110,,
727,sf-market-500,7.10433186302882,0.476184606552124,34,,
728,sf-market-500,7.00726357696784,2.01491808891296,169,,
729,sf-market-500,7.94748122701975,1.61088919639587,108,,
730,sf-market-500,6.85127621207796,1.51310586929321,98,,
731,sf-market-500,8.39085619075366,2.01608967781067,136,,
732,sf-market-500,9.9575652096082,2.33236837387085,132,,
733,sf-market-500,7.37623040330289,0.479536056518555,33,,
734,sf-market-500,8.22437794404226,1.1686372756958,101,,
735,sf-market-500,9.92854650379159,1.44417381286621,106,,
736,sf-market-500,7.78609763282869,1.79388809204102,125,,
737,sf-market-500,10.1211947726657,1.32866907119751,80,,
738,sf-market-500,10.4836388006433,1.46604919433594,113,,
739,sf-market-500,8.4683408699842,2.0012674331665,128,,
740,sf-market-500,6.8579305887999,0.450087070465088,30,,
741,sf-market-500,7.06777403968167,0.38577127456665,27,,
742,sf-market-500,7.17992629789747,1.6410391330719,99,,
743,sf-market-500,7.18720717003227,0.481197834014893,34,,
744,sf-market-500,8.27928911541266,1.57050108909607,117,,
745,sf-market-500,6.94524370407934,0.478137254714966,34,,
746,sf-market-500,8.13092949809291,1.11020493507385,98,,
747,sf-market-500,8.39403353767352,1.33706569671631,97,,
748,sf-market-500,6.83491032657361,2.09108901023865,154,,
749,sf-market-500,8.54620502275603,1.73478174209595,111,,
750,sf-market-500,8.15401430690417,1.52288842201233,101,,
751,sf-market-500,6.65222983464805,0.343528509140015,24,,
752,sf-market-500,7.50676270161804,2.08501434326172,120,,
753,sf-market-500,6.89295911205062,0.429432392120361,28,,
754,sf-market-500,6.62557680650894,0.618400573730469,50,,
755,sf-market-500,6.64543028765644,0.475974321365356,35,,
756,sf-market-500,7.67500623574488,1.83292245864868,112,,
757,sf-market-500,8.63755814573742,2.06554555892944,117,,
758,sf-market-500,6.6863210831944,1.4401969909668,105,,
759,sf-market-500,6.57261625126639,1.92365574836731,138,,
760,sf-market-500,7.55007159792672,1.56221961975098,104,,
761,sf-market-500,6.9624069672581,1.8366436958313,107,,
762,sf-market-500,7.07761778759825,1.57526659965515,96,,
763,sf-market-500,6.82086794765601,0.593625068664551,42,,
764,sf-market-500,7.64708356744361,0.565581321716309,39,,
765,sf-market-500,6.69410350222316,0.526979207992554,30,,
766,sf-market-500,6.62709015070432,2.18490672111511,189,,
767,sf-market-500,9.34138766711795,1.72280263900757,157,,
768,sf-market-500,9.06476737924739,1.68172383308411,130,,
769,sf-market-500,8.60795971510669,1.79204297065735,119,,
770,sf-market-500,7.02161480016531,0.465408325195313,33,,
771,sf-market-500,7.45465232899554,2.28364062309265,121,,
772,sf-market-500,7.8488877662586,2.36021757125854,247,,
773,sf-market-500,6.93023106410997,0.457368612289429,31,,
774,sf-market-500,6.58976131842474,0.419214963912964,30,,
775,sf-market-500,10.9988090057759,1.50705075263977,149,,
776,sf-market-500,8.05229335789645,11.3692796230316,1001,,
777,sf-market-500,7.20659267526988,0.506756067276001,34,,
778,sf-market-500,11.5972811187119,1.88391876220703,142,,
779,sf-market-500,8.44873684198501,1.10333061218262,88,,
780,sf-market-500,7.33326610680006,0.740807056427002,41,,
781,sf-market-500,6.75916496092809,0.511691331863403,37,,
782,sf-market-500,12.1443451064559,1.55863976478577,138,,
783,sf-market-500,8.81132721430143,2.3246762752533,163,,
784,sf-market-500,7.93236954734577,0.3970627784729,28,,
785,sf-market-500,6.55708616062095,1.56331181526184,98,,
786,sf-market-500,6.7785045492072,1.54425406455994,112,,
787,sf-market-500,6.75367884794251,2.18704509735107,184,,
788,sf-market-500,7.92095587178697,0.927561283111572,73,,
789,sf-market-500,6.57469101385918,2.06366539001465,126,,
790,sf-market-500,7.20170775821181,0.473163843154907,30,,
791,sf-market-500,7.76493709798761,1.61126780509949,119,,
792,sf-market-500,6.73693786107009,1.70599317550659,129,,
793,sf-market-500,7.28154687270655,1.64396977424622,104,,
794,sf-market-500,7.23334742640781,0.420709609985352,29,,
795,sf-market-500,8.95871825360353,4.44783449172974,365,,
796,sf-market-500,7.60694782090962,0.746922254562378,53,,
797,sf-market-500,9.2353299983645,0.524898290634155,39,,
798,sf-market-500,7.93394512823235,0.55136775970459,41,,
799,sf-market-500,8.06342455827132,1.6456983089447,109,,
800,sf-market-500,6.66642537128154,0.568676233291626,43,,
801,sf-market-500,7.64373967437105,0.669664144515991,48,,
802,sf-market-500,8.75507609098894,1.48443937301636,105,,
803,sf-market-500,7.15857152539268,1.40717363357544,102,,
804,sf-market-500,10.3449296937737,0.784586429595947,44,,
805,sf-market-500,7.53876596967226,0.534319639205933,37,,
806,sf-market-500,7.9112525842672,2.7085440158844,184,,
807,sf-market-500,7.09619643080798,0.594952583312988,46,,
808,sf-market-500,8.08497875212388,1.3940281867981,82,,
809,sf-market-500,6.96121834577904,0.463891506195068,32,,
810,sf-market-500,7.21474731108459,2.18707084655762,112,,
811,sf-market-500,8.18864097682948,1.69866442680359,103,,
812,sf-market-500,9.07663631486597,1.59508037567139,174,,
813,sf-market-500,7.3570762806457,1.8482940196991,119,,
814,sf-market-500,7.04019591369396,2.13650298118591,157,,
815,sf-market-500,6.54875496250651,1.60193991661072,113,,
816,sf-market-500,7.16577262906753,1.16645884513855,102,,
817,sf-market-500,8.37237626571218,1.60201454162598,111,,
818,sf-market-500,9.09389053944994,1.65464687347412,116,,
819,sf-market-500,10.2913352676974,1.52908539772034,116,,
820,sf-market-500,7.24146269254556,2.36760139465332,168,,
821,sf-market-500,7.18263626419435,0.45521092414856,31,,
822,sf-market-500,7.25478218669749,1.59278845787048,95,,
823,sf-market-500,7.20051716228375,1.92446184158325,108,,
824,sf-market-500,7.92381504416493,0.444214582443237,30,,
825,sf-market-500,8.58353457055875,0.644779443740845,40,,
826,sf-market-500,6.77189814929453,0.412765026092529,28,,
827,sf-market-500,7.04046973353634,1.42654609680176,89,,
828,sf-market-500,9.71863313781148,1.75202465057373,157,,
829,sf-market-500,6.99574010086131,0.441959381103516,29,,
830,sf-market-500,7.16426085210686,0.44598650932312,31,,
831,sf-market-500,8.30225222539657,2.38581848144531,172,,
832,sf-market-500,10.3068491726284,1.25909304618835,97,,
833,sf-market-500,7.08572830478808,0.598138093948364,45,,
834,sf-market-500,9.32592417089337,2.10474705696106,151,,
835,sf-market-500,7.19819010325418,0.457909822463989,34,,
836,sf-market-500,6.75586186639586,0.442413091659546,32,,
837,sf-market-500,10.1982699834268,1.54543733596802,105,,
838,sf-market-500,8.00690492203989,1.39382815361023,96,,
839,sf-market-500,6.59999204794864,1.62041759490967,97,,
840,sf-market-500,7.09510456450662,1.35892128944397,90,,
841,sf-market-500,8.63725006313788,1.71896314620972,115,,
842,sf-market-500,7.08399439836003,0.434023857116699,30,,
843,sf-market-500,8.11830151267101,0.497368335723877,34,,
844,sf-market-500,6.87418435236141,2.07231163978577,191,,
845,sf-market-500,7.29276650160062,1.40457439422607,80,,
846,sf-market-500,7.8057361092241,1.51483821868896,105,,
847,sf-market-500,7.75526661009817,1.14605665206909,99,,
848,sf-market-500,9.68334323703084,1.27777647972107,98,,
849,sf-market-500,7.09451414123941,2.18746137619019,119,,
850,sf-market-500,6.96376366286656,0.51226544380188,35,,
851,sf-market-500,7.32341725205141,1.74210453033447,93,,
852,sf-market-500,9.20064366668702,0.562801599502564,40,,
853,sf-market-500,6.9418017025555,2.43307280540466,202,,
854,sf-market-500,7.36074403274265,0.39974308013916,28,,
855,sf-market-500,8.40181244452436,1.91947484016418,125,,
856,sf-market-500,6.78308932949737,0.582103252410889,45,,
857,sf-market-500,7.56460430142944,0.517977237701416,36,,
858,sf-market-500,8.61056829262515,1.44624733924866,79,,
859,sf-market-500,8.13121175553043,1.98820543289185,129,,
860,sf-market-500,10.1678441356959,1.93834805488586,154,,
861,sf-market-500,9.10762169852501,1.64090514183044,104,,
862,sf-market-500,7.09548451223249,0.527857303619385,33,,
863,sf-market-500,10.3368261245739,1.40522384643555,97,,
864,sf-market-500,11.4272150150076,1.38183045387268,118,,
865,sf-market-500,6.74177834727826,0.470274686813355,36,,
866,sf-market-500,6.83600282262735,0.654532432556152,45,,
867,sf-market-500,7.47737460731025,0.732033967971802,55,,
868,sf-market-500,7.46411132225461,0.504713773727417,35,,
869,sf-market-500,6.86973037269781,0.423009634017944,30,,
870,sf-market-500,7.79401720835631,1.96457505226135,96,,
871,sf-market-500,7.95876429134771,0.484977722167969,34,,
872,sf-market-500,8.06764019337534,1.32877683639526,104,,
873,sf-market-500,6.95694121471303,0.476513862609863,34,,
874,sf-market-500,7.0904051392765,0.417972087860107,29,,
875,sf-market-500,7.09397630884602,0.614736557006836,41,,
876,sf-market-500,7.53794875935672,1.40978026390076,106,,
877,sf-market-500,10.4889824964156,1.77261924743652,140,,
878,sf-market-500,8.38127244136518,1.55025219917297,105,,
879,sf-market-500,7.64643935181674,0.538476228713989,38,,
880,sf-market-500,6.97286183425353,0.493575572967529,35,,
881,sf-market-500,7.68745085890455,1.70046019554138,124,,
882,sf-market-500,8.14296733340193,0.430344820022583,30,,
883,sf-market-500,6.69653339170127,0.601649761199951,45,,
884,sf-market-500,9.22463986138612,1.72895193099976,176,,
885,sf-market-500,9.21584394271486,1.1125864982605,117,,
886,sf-market-500,8.09356507372091,0.673228979110718,50,,
887,sf-market-500,7.69829155936019,0.428345680236816,30,,
888,sf-market-500,7.19453890873451,0.635237693786621,36,,
889,sf-market-500,6.73791747521975,1.48380398750305,82,,
890,sf-market-500,7.07305888481144,0.6258385181427,44,,
891,sf-market-500,6.92333361410255,0.48207426071167,29,,
892,sf-market-500,7.82089179461495,2.16681575775146,126,,
893,sf-market-500,7.2688592007517,0.349786281585693,24,,
894,sf-market-500,7.22710349428309,1.61775684356689,102,,
895,sf-market-500,8.41450066528181,2.46806287765503,205,,
896,sf-market-500,6.67444133287169,0.533281326293945,37,,
897,sf-market-500,7.0866261950558,1.64652681350708,105,,
898,sf-market-500,9.49036956538844,0.559369087219238,42,,
899,sf-market-500,7.11456769673418,1.71202087402344,115,,
900,sf-market-500,10.385052671875,1.66985249519348,176,,
901,sf-market-500,7.29652427656347,1.7303683757782,104,,
902,sf-market-500,7.06972751743171,1.52132105827332,90,,
903,sf-market-500,7.86404983479837,2.21873927116394,202,,
904,sf-market-500,8.08285263347351,1.86800169944763,151,,
905,sf-market-500,8.50901772959015,1.39419531822205,92,,
906,sf-market-500,6.79042107658163,0.401420831680298,29,,
907,sf-market-500,7.09140668276644,1.43050956726074,106,,
908,sf-market-500,7.49946906104839,1.63696002960205,123,,
909,sf-market-500,7.13171950106227,2.36765909194946,230,,
910,sf-market-500,7.30548637276045,1.68397045135498,117,,
911,sf-market-500,7.82676956323251,1.51130819320679,86,,
912,sf-market-500,6.79345309487487,0.511438608169556,39,,
913,sf-market-500,7.23919614756607,2.13882756233215,121,,
914,sf-market-500,7.62864718557692,1.52192330360413,110,,
915,sf-market-500,8.87435789605511,2.13993978500366,184,,
916,sf-market-500,6.8301021573342,0.444983005523682,32,,
917,sf-market-500,7.16299024937259,0.602851390838623,35,,
918,sf-market-500,6.7671956521285,2.24125385284424,119,,
919,sf-market-500,8.96991453790451,1.9168848991394,132,,
920,sf-market-500,8.21177851336542,1.29784059524536,111,,
921,sf-market-500,7.35051649047199,1.57995986938477,101,,
922,sf-market-500,6.58732049544148,0.415500640869141,29,,
923,sf-market-500,6.60959960122558,0.396443128585815,28,,
924,sf-market-500,6.82139766099583,0.42323637008667,30,,
925,sf-market-500,12.1644888732616,2.69372534751892,178,,
926,sf-market-500,7.13743591550688,0.716609477996826,44,,
927,sf-market-500,6.87037989868291,0.493134737014771,32,,
928,sf-market-500,6.62779867050961,2.07580351829529,172,,
929,sf-market-500,7.15487782645997,2.41066336631775,154,,
930,sf-market-500,7.93392645764552,2.00626659393311,124,,
931,sf-market-500,7.19623182255602,1.68681859970093,107,,
932,sf-market-500,7.76688296441319,0.408910274505615,29,,
933,sf-market-500,7.11962229153716,0.497577428817749,36,,
934,sf-market-500,7.22374433173576,1.54103064537048,111,,
935,sf-market-500,7.2210315135078,1.60478138923645,112,,
936,sf-market-500,7.0638131549808,1.36414289474487,101,,
937,sf-market-500,7.57753968826208,0.424481630325317,30,,
938,sf-market-500,7.45546064474908,0.479479551315308,34,,
939,sf-market-500,7.32100677427343,0.440159559249878,31,,
940,sf-market-500,7.02323746226443,0.663834810256958,37,,
941,sf-market-500,8.20650238016733,1.47940707206726,100,,
942,sf-market-500,6.84966188590968,0.564573764801025,40,,
943,sf-market-500,8.17480762684334,1.99839735031128,114,,
944,sf-market-500,6.84304570703382,0.567984580993652,38,,
945,sf-market-500,6.78318486802922,0.429065465927124,28,,
946,sf-market-500,6.67124679609287,0.617473363876343,43,,
947,sf-market-500,7.61194659114769,0.530581712722778,40,,
948,sf-market-500,6.94230873613306,0.422038555145264,28,,
949,sf-market-500,9.16788680102281,1.71456122398376,111,,
950,sf-market-500,6.98882229207213,0.393339872360229,27,,
951,sf-market-500,6.73786775163045,0.381357908248901,27,,
952,sf-market-500,7.66581742599363,1.68192982673645,101,,
953,sf-market-500,7.52837611690314,1.96911287307739,110,,
954,sf-market-500,9.73356701399606,0.546706199645996,34,,
955,sf-market-500,6.98587696794194,1.59733271598816,121,,
956,sf-market-500,8.02782222832006,0.422857284545898,30,,
957,sf-market-500,7.25709401678151,1.63573217391968,114,,
958,sf-market-500,7.07469714680072,0.421447992324829,30,,
959,sf-market-500,7.78831320184371,0.455233573913574,32,,
960,sf-market-500,7.72641333053215,2.23054099082947,128,,
961,sf-market-500,6.86840247069895,0.411131143569946,29,,
962,sf-market-500,7.39160246185786,0.522639036178589,40,,
963,sf-market-500,6.76532993024929,0.557328462600708,41,,
964,sf-market-500,6.68897713032228,0.700052976608276,49,,
965,sf-market-500,6.75364846898654,2.00783658027649,99,,
966,sf-market-500,6.8930839422573,1.07049679756165,88,,
967,sf-market-500,6.75409208714843,1.99684715270996,118,,
968,sf-market-500,8.71714813061827,0.583104133605957,34,,
969,sf-market-500,6.87381829776297,0.442536115646362,30,,
970,sf-market-500,8.81761897340926,1.49859094619751,100,,
971,sf-market-500,7.63094037957428,1.81713771820068,133,,
972,sf-market-500,7.14994818702889,0.528571605682373,35,,
973,sf-market-500,7.62169041416888,0.42751407623291,29,,
974,sf-market-500,7.17948483318786,0.623173475265503,36,,
975,sf-market-500,7.53659698932851,2.14348316192627,184,,
976,sf-market-500,7.3028460720057,0.510398149490356,36,,
977,sf-market-500,6.74515426038345,0.484010696411133,35,,
978,sf-market-500,8.15261220957406,1.36150360107422,104,,
979,sf-market-500,6.82936534154515,0.413988351821899,29,,
980,sf-market-500,8.91785911703294,1.96083831787109,161,,
981,sf-market-500,7.39430620322624,0.456089496612549,32,,
982,sf-market-500,7.61450833416603,1.51545739173889,118,,
983,sf-market-500,6.64262518625336,1.67362761497498,104,,
984,sf-market-500,7.40931759334163,1.81208682060242,103,,
985,sf-market-500,8.63712399913617,1.48592329025269,143,,
986,sf-market-500,6.65720838745354,0.391844749450684,27,,
987,sf-market-500,9.31934877602945,1.43678832054138,103,,
988,sf-market-500,7.77384779562456,1.61220216751099,107,,
989,sf-market-500,7.27368845643715,1.6680223941803,160,,
990,sf-market-500,8.09507571227714,0.482157707214356,35,,
991,sf-market-500,6.97870753504582,0.457151889801025,33,,
992,sf-market-500,6.87243336062035,1.75416207313538,97,,
993,sf-market-500,7.69817548361514,1.7603588104248,126,,
994,sf-market-500,9.4040487145635,1.52225232124329,119,,
995,sf-market-500,7.28415558560612,0.425691604614258,30,,
996,sf-market-500,7.58779602121824,1.45235538482666,109,,
997,sf-market-500,9.82828448145627,2.16992545127869,175,,
998,sf-market-500,8.07669053694147,1.99892735481262,163,,
999,sf-market-500,6.6106050862008,1.85929727554321,115,,
