Index,Graph,Flow Cost,Time (sec),Num Iters
0,cambridge-500,3.283292503025878,0.027062654495239258,7
1,cambridge-500,2.8435759841103607,0.02709031105041504,7
2,cambridge-500,2.5026438022501303,0.03366208076477051,9
3,cambridge-500,3.0886061346641798,0.037485361099243164,10
4,cambridge-500,2.3303728125968406,0.027051925659179688,7
5,cambridge-500,3.0727074557760465,0.02642989158630371,7
6,cambridge-500,2.258814337050525,0.03399848937988281,9
7,cambridge-500,3.759262528697571,0.013116598129272461,3
8,cambridge-500,2.7053066425594943,0.01309061050415039,3
9,cambridge-500,6.274664120435593,0.023953676223754883,6
10,cambridge-500,2.9543212575676665,0.027382373809814453,7
11,cambridge-500,3.1061618787095444,0.019919872283935547,5
12,cambridge-500,2.421809438110232,0.03807830810546875,10
13,cambridge-500,3.146386660668048,0.030714035034179688,8
14,cambridge-500,7.218687668837585,0.020075082778930664,5
15,cambridge-500,6.04050064259055,0.020045757293701172,5
16,cambridge-500,5.502466023545456,0.016390323638916016,4
17,cambridge-500,3.239543233361832,0.030452728271484375,8
18,cambridge-500,2.320472211920271,0.03729081153869629,10
19,cambridge-500,4.548972961748356,0.03757143020629883,10
20,cambridge-500,2.11670072225306,0.03755307197570801,10
21,cambridge-500,2.7368379835955485,0.023628711700439453,6
22,cambridge-500,4.974652717602722,0.030204057693481445,8
23,cambridge-500,2.6370003167137446,0.023185253143310547,6
24,cambridge-500,2.528184226263969,0.02683258056640625,7
25,cambridge-500,2.4324125470980853,0.019846439361572266,5
26,cambridge-500,3.7112535949488503,0.027180194854736328,7
27,cambridge-500,5.555687125556918,0.02161097526550293,5
28,cambridge-500,3.745138904288306,0.016463756561279297,4
29,cambridge-500,2.6675772863664093,0.0305330753326416,8
30,cambridge-500,2.814085944535248,0.047882080078125,13
31,cambridge-500,2.677844148300729,0.030409812927246094,8
32,cambridge-500,3.677001779508036,0.03066706657409668,8
33,cambridge-500,4.755273385925855,0.03395724296569824,9
34,cambridge-500,4.557297597211212,0.020572185516357422,5
35,cambridge-500,4.468259680191341,0.01965165138244629,5
36,cambridge-500,2.2719306606362895,0.016828536987304688,4
37,cambridge-500,3.6776874528722048,0.030098438262939453,8
38,cambridge-500,2.955828806124585,0.020389080047607422,5
39,cambridge-500,4.579486104344175,0.02383565902709961,6
40,cambridge-500,3.3542321087518596,0.017112016677856445,4
41,cambridge-500,3.448518793529272,0.03095412254333496,8
42,cambridge-500,3.7091813432729555,0.0201718807220459,5
43,cambridge-500,3.7266152514827207,0.027304410934448242,7
44,cambridge-500,3.1387259984367053,0.02000260353088379,5
45,cambridge-500,2.3754046887569955,0.026796340942382812,7
46,cambridge-500,4.264927687030725,0.02465534210205078,6
47,cambridge-500,4.782318987507101,0.034568071365356445,9
48,cambridge-500,4.293203088352356,0.03112030029296875,8
49,cambridge-500,4.514744059999251,0.019990921020507812,5
50,cambridge-500,4.844919169541324,0.01998162269592285,5
51,cambridge-500,2.750195903739218,0.018282413482666016,4
52,cambridge-500,3.6652756949464287,0.013625144958496094,3
53,cambridge-500,3.2193398836332343,0.03380703926086426,9
54,cambridge-500,4.958699097927682,0.020544052124023438,5
55,cambridge-500,4.597789082805782,0.030038833618164062,8
56,cambridge-500,5.879957712843856,0.02059793472290039,5
57,cambridge-500,3.438362397736414,0.03842306137084961,10
58,cambridge-500,4.096957920899377,0.03064441680908203,8
59,cambridge-500,2.367864693226164,0.027010440826416016,7
60,cambridge-500,3.6899950663462158,0.023034334182739258,6
61,cambridge-500,3.1080998548136893,0.01685953140258789,4
62,cambridge-500,3.053868859999963,0.030091524124145508,8
63,cambridge-500,2.74842425080237,0.01666998863220215,4
64,cambridge-500,2.657842705998351,0.030365943908691406,8
65,cambridge-500,3.137432688197349,0.023697376251220703,6
66,cambridge-500,4.025271008505042,0.025033950805664062,6
67,cambridge-500,3.269455525502269,0.031047821044921875,8
68,cambridge-500,2.4085677603460303,0.013381004333496094,3
69,cambridge-500,2.052722194425055,0.01620650291442871,4
70,cambridge-500,1.961188094099735,0.0337224006652832,9
71,cambridge-500,2.9153030552607184,0.009879589080810547,2
72,cambridge-500,4.16979587476354,0.029141664505004883,7
73,cambridge-500,2.0638513337181275,0.02004408836364746,5
74,cambridge-500,4.1558089090840715,0.020453214645385742,5
75,cambridge-500,2.490116153627976,0.03451347351074219,9
76,cambridge-500,2.149724104704426,0.02664804458618164,7
77,cambridge-500,2.7332276078423523,0.02755570411682129,7
78,cambridge-500,4.482487236308245,0.019739627838134766,5
79,cambridge-500,9.12954507497858,0.013236761093139648,3
80,cambridge-500,5.240445063893787,0.04104256629943848,11
81,cambridge-500,4.3673170554475975,0.023186206817626953,6
82,cambridge-500,2.2737290401380337,0.020504474639892578,5
83,cambridge-500,4.828260149092323,0.047506093978881836,13
84,cambridge-500,2.6833122305847854,0.03762054443359375,10
85,cambridge-500,3.092182204959756,0.0277554988861084,7
86,cambridge-500,2.4929922159950744,0.05061507225036621,14
87,cambridge-500,4.343304716248191,0.05181264877319336,14
88,cambridge-500,2.3881218623181923,0.02317667007446289,6
89,cambridge-500,6.925264267607009,0.016651630401611328,4
90,cambridge-500,2.649736918167551,0.026505470275878906,7
91,cambridge-500,3.143796870679058,0.023946523666381836,6
92,cambridge-500,3.027189477581254,0.027237892150878906,7
93,cambridge-500,4.200071677432051,0.027093172073364258,7
94,cambridge-500,5.104860208859956,0.020081281661987305,5
95,cambridge-500,2.1955495889668235,0.030609846115112305,8
96,cambridge-500,2.8455198359890335,0.033658742904663086,9
97,cambridge-500,3.5433875821426186,0.02709054946899414,7
98,cambridge-500,3.3891124257741634,0.019919157028198242,5
99,cambridge-500,3.711513581419189,0.03360414505004883,9
100,cambridge-500,2.03598785120989,0.02998208999633789,8
101,cambridge-500,2.7897206522916407,0.020402193069458008,5
102,cambridge-500,2.7927244043709374,0.024097442626953125,6
103,cambridge-500,2.9454555413767545,0.023310184478759766,6
104,cambridge-500,5.975724152017527,0.01327371597290039,3
105,cambridge-500,5.145089307181228,0.023540258407592773,6
106,cambridge-500,2.810243687148896,0.023699045181274414,6
107,cambridge-500,2.771072337742707,0.02710700035095215,7
108,cambridge-500,3.6781489335858093,0.023334026336669922,6
109,cambridge-500,3.858543440011823,0.017117977142333984,4
110,cambridge-500,4.312467789380046,0.03099536895751953,8
111,cambridge-500,2.376371358996647,0.02339482307434082,6
112,cambridge-500,2.4047730960443894,0.04123044013977051,11
113,cambridge-500,3.1144125345918,0.019834280014038086,5
114,cambridge-500,2.3342823032704114,0.027070283889770508,7
115,cambridge-500,4.417526999012332,0.03036332130432129,8
116,cambridge-500,2.9396399840303515,0.03789258003234863,10
117,cambridge-500,2.841907436677447,0.030750751495361328,8
118,cambridge-500,4.023264057794483,0.030256032943725586,8
119,cambridge-500,5.443879537166259,0.023855209350585938,6
120,cambridge-500,5.5637955786719235,0.04589653015136719,11
121,cambridge-500,3.32021761854974,0.034128665924072266,9
122,cambridge-500,6.144021691628841,0.023699045181274414,6
123,cambridge-500,2.9299686049018514,0.023281097412109375,6
124,cambridge-500,2.5895305521013823,0.030318737030029297,8
125,cambridge-500,2.879051256291242,0.02046489715576172,5
126,cambridge-500,3.5801914773612538,0.023801565170288086,6
127,cambridge-500,2.5006308616737805,0.023541688919067383,6
128,cambridge-500,2.5671686435865095,0.024321556091308594,6
129,cambridge-500,5.004139808569045,0.017105817794799805,4
130,cambridge-500,4.884447876705834,0.026573657989501953,7
131,cambridge-500,2.727849749915286,0.0305023193359375,8
132,cambridge-500,2.634966779522964,0.0372312068939209,10
133,cambridge-500,2.554213732398963,0.0197145938873291,5
134,cambridge-500,3.6905273811347077,0.030525922775268555,8
135,cambridge-500,3.2037821795125194,0.01990962028503418,5
136,cambridge-500,3.9276293328923604,0.04091310501098633,11
137,cambridge-500,3.028531464981641,0.027080535888671875,7
138,cambridge-500,2.67422366431938,0.017118215560913086,4
139,cambridge-500,3.7258621813349886,0.026828765869140625,7
140,cambridge-500,3.5750097123886677,0.020081043243408203,5
141,cambridge-500,3.607519775766798,0.013242721557617188,3
142,cambridge-500,4.346006704092046,0.01978015899658203,5
143,cambridge-500,6.066252807480054,0.0205233097076416,5
144,cambridge-500,4.191728384580176,0.020105361938476562,5
145,cambridge-500,2.783909673506522,0.01677989959716797,4
146,cambridge-500,4.872646256004502,0.019919872283935547,5
147,cambridge-500,10.089072444115832,0.02022552490234375,5
148,cambridge-500,2.697923333853862,0.0165402889251709,4
149,cambridge-500,7.030354083590576,0.016620874404907227,4
150,cambridge-500,2.496209656772397,0.030244827270507812,8
151,cambridge-500,2.768874881670927,0.023604631423950195,6
152,cambridge-500,3.3713787505239954,0.027241945266723633,7
153,cambridge-500,2.5344378786611617,0.016787290573120117,4
154,cambridge-500,4.268575910163991,0.02718353271484375,7
155,cambridge-500,6.119149577921699,0.01322317123413086,3
156,cambridge-500,4.271159557654813,0.013300180435180664,3
157,cambridge-500,3.0205154093650295,0.04190421104431152,9
158,cambridge-500,4.734735334155364,0.020171165466308594,5
159,cambridge-500,4.497453419121784,0.04105710983276367,11
160,cambridge-500,3.1583886173549347,0.016906023025512695,4
161,cambridge-500,3.599359810530826,0.024344444274902344,6
162,cambridge-500,2.862738541095068,0.02397751808166504,6
163,cambridge-500,4.697770366646316,0.009791851043701172,2
164,cambridge-500,4.193140050997594,0.016415834426879883,4
165,cambridge-500,6.920972151724304,0.030927658081054688,8
166,cambridge-500,3.530081228503484,0.016975879669189453,4
167,cambridge-500,2.7595112269958633,0.02663254737854004,7
168,cambridge-500,6.379906552137988,0.016846656799316406,4
169,cambridge-500,3.6552392216271548,0.023827552795410156,6
170,cambridge-500,3.2374647791413773,0.030817747116088867,8
171,cambridge-500,2.2817626603042735,0.030500173568725586,8
172,cambridge-500,7.8383780726890295,0.02648186683654785,7
173,cambridge-500,4.431346708995084,0.023049116134643555,6
174,cambridge-500,3.109208714653772,0.034003496170043945,9
175,cambridge-500,6.507869469606235,0.031134366989135742,8
176,cambridge-500,3.2710857319365165,0.027036428451538086,7
177,cambridge-500,4.570849999851712,0.024003028869628906,6
178,cambridge-500,9.262063781969227,0.019949674606323242,5
179,cambridge-500,2.2347120797652247,0.023384809494018555,6
180,cambridge-500,2.0480020473994758,0.019977331161499023,5
181,cambridge-500,4.570818500994191,0.027390480041503906,7
182,cambridge-500,3.9473707852155564,0.013234615325927734,3
183,cambridge-500,4.778693260543642,0.009794950485229492,2
184,cambridge-500,4.385596504602001,0.02399301528930664,6
185,cambridge-500,2.605005569934089,0.030200481414794922,8
186,cambridge-500,7.036606708374882,0.027621984481811523,7
187,cambridge-500,3.14987062239503,0.0268247127532959,7
188,cambridge-500,3.925173998868197,0.03059101104736328,8
189,cambridge-500,3.267564926567506,0.031012535095214844,8
190,cambridge-500,2.0825735883406784,0.040357112884521484,11
191,cambridge-500,2.876510894815269,0.016711950302124023,4
192,cambridge-500,7.414035922270811,0.023648738861083984,6
193,cambridge-500,2.486509982208686,0.020021438598632812,5
194,cambridge-500,4.55247193362589,0.0203249454498291,5
195,cambridge-500,3.7393072551967452,0.02339792251586914,6
196,cambridge-500,3.153391714116898,0.04490327835083008,12
197,cambridge-500,3.359753378322888,0.029890060424804688,8
198,cambridge-500,2.1790475133894707,0.0306549072265625,8
199,cambridge-500,3.4667832428299388,0.009770631790161133,2
200,cambridge-500,7.510037955823523,0.016386747360229492,4
201,cambridge-500,2.8364937831379478,0.027988910675048828,7
202,cambridge-500,2.466832052062099,0.013069868087768555,3
203,cambridge-500,3.2067081304092047,0.013382673263549805,3
204,cambridge-500,2.499735927346667,0.03731966018676758,10
205,cambridge-500,2.2187988568722092,0.016843318939208984,4
206,cambridge-500,2.3134696729480186,0.037410736083984375,10
207,cambridge-500,2.7550867243482653,0.01660633087158203,4
208,cambridge-500,2.8415430109307835,0.027599334716796875,7
209,cambridge-500,2.1154467322369017,0.028131723403930664,7
210,cambridge-500,2.9894778143166505,0.027266979217529297,7
211,cambridge-500,3.521132497139439,0.030488252639770508,8
212,cambridge-500,7.036107132878009,0.030248165130615234,8
213,cambridge-500,2.7662182109039652,0.030220508575439453,8
214,cambridge-500,2.5637536898479274,0.030040740966796875,8
215,cambridge-500,3.6333881478049306,0.023422718048095703,6
216,cambridge-500,3.0464589809956673,0.030714035034179688,8
217,cambridge-500,2.745426643585599,0.03387188911437988,9
218,cambridge-500,2.9693030782757974,0.026838064193725586,7
219,cambridge-500,3.6773695680877143,0.02468252182006836,6
220,cambridge-500,3.176761386438622,0.02729058265686035,7
221,cambridge-500,3.6875914099869176,0.030222415924072266,8
222,cambridge-500,2.2758987017231562,0.04035186767578125,11
223,cambridge-500,2.146410433209473,0.03335905075073242,9
224,cambridge-500,2.636702928286906,0.026904582977294922,7
225,cambridge-500,2.221987622225617,0.03050374984741211,8
226,cambridge-500,5.467877002404022,0.019936800003051758,5
227,cambridge-500,4.175945582126606,0.01670694351196289,4
228,cambridge-500,4.8795545887094365,0.03698611259460449,10
229,cambridge-500,3.57022876395366,0.023262739181518555,6
230,cambridge-500,2.8188964871005955,0.023485183715820312,6
231,cambridge-500,2.6137735825346042,0.04053831100463867,11
232,cambridge-500,2.44846259113221,0.016696453094482422,4
233,cambridge-500,4.320605927173327,0.01676774024963379,4
234,cambridge-500,4.028351274292484,0.02997303009033203,8
235,cambridge-500,4.06751618714127,0.01665520668029785,4
236,cambridge-500,6.687041722237064,0.019861936569213867,5
237,cambridge-500,3.0540477086372846,0.023621797561645508,6
238,cambridge-500,6.199348366149039,0.020716190338134766,5
239,cambridge-500,4.830341404320403,0.016546249389648438,4
240,cambridge-500,2.3663987198101335,0.023005247116088867,6
241,cambridge-500,2.8054148391973235,0.026938915252685547,7
242,cambridge-500,8.961412771017246,0.012998580932617188,3
243,cambridge-500,4.753687234085229,0.01651740074157715,4
244,cambridge-500,3.0438301285017944,0.029983043670654297,8
245,cambridge-500,2.785797801819107,0.0281829833984375,7
246,cambridge-500,3.092896869017903,0.050716400146484375,14
247,cambridge-500,6.820085512901901,0.033601999282836914,9
248,cambridge-500,2.3796201945741164,0.027411699295043945,7
249,cambridge-500,4.155126170541474,0.013542890548706055,3
250,cambridge-500,3.4887168141613016,0.02421259880065918,6
251,cambridge-500,3.158571014884346,0.03664755821228027,10
252,cambridge-500,2.958572612415638,0.020246505737304688,5
253,cambridge-500,7.845434826941556,0.023707151412963867,6
254,cambridge-500,2.8934466438568975,0.02012920379638672,5
255,cambridge-500,4.526544483723997,0.026953697204589844,7
256,cambridge-500,3.5157489088800125,0.03765988349914551,10
257,cambridge-500,3.9883810407124383,0.02727198600769043,7
258,cambridge-500,5.750052122457218,0.02361583709716797,6
259,cambridge-500,3.889540822477699,0.030280590057373047,8
260,cambridge-500,2.817211209704369,0.03052520751953125,8
261,cambridge-500,4.190540365576015,0.03000807762145996,8
262,cambridge-500,3.4994033135483074,0.03613853454589844,8
263,cambridge-500,4.213523564886834,0.027051687240600586,7
264,cambridge-500,4.976581494123656,0.016688823699951172,4
265,cambridge-500,3.0896499528430468,0.027217864990234375,7
266,cambridge-500,3.2165007609471687,0.03384542465209961,9
267,cambridge-500,2.224162582494096,0.023760318756103516,6
268,cambridge-500,2.117831412399981,0.03711056709289551,10
269,cambridge-500,3.1856873051810104,0.016892194747924805,4
270,cambridge-500,2.694060966853188,0.016623258590698242,4
271,cambridge-500,2.968081605081633,0.03453207015991211,9
272,cambridge-500,3.971122643214532,0.019926071166992188,5
273,cambridge-500,4.1177713488789935,0.034185171127319336,9
274,cambridge-500,2.5472982488393208,0.030852317810058594,8
275,cambridge-500,3.8826224161768272,0.01715993881225586,4
276,cambridge-500,2.8631762595746073,0.02675151824951172,7
277,cambridge-500,3.039867592925961,0.027225494384765625,7
278,cambridge-500,2.191464282518527,0.04040050506591797,11
279,cambridge-500,2.8713539839843216,0.023180723190307617,6
280,cambridge-500,2.99759835818705,0.04101252555847168,11
281,cambridge-500,2.1956668106888952,0.01996469497680664,5
282,cambridge-500,5.467889543486947,0.03072214126586914,8
283,cambridge-500,5.218347748554509,0.027603626251220703,7
284,cambridge-500,4.089701834707734,0.030336618423461914,8
285,cambridge-500,2.0902846540210263,0.02734661102294922,7
286,cambridge-500,3.100092323643146,0.02340531349182129,6
287,cambridge-500,3.4124227908700977,0.023437023162841797,6
288,cambridge-500,2.474529302724072,0.041013240814208984,11
289,cambridge-500,2.9557389027743715,0.023380279541015625,6
290,cambridge-500,2.420424996996202,0.030745744705200195,8
291,cambridge-500,5.111453061881716,0.017920494079589844,4
292,cambridge-500,3.7184068094588754,0.020484447479248047,5
293,cambridge-500,5.4484831631097865,0.009820222854614258,2
294,cambridge-500,4.2204323763193115,0.030895233154296875,8
295,cambridge-500,3.8211509200969513,0.04463005065917969,12
296,cambridge-500,6.95869168519462,0.02338576316833496,6
297,cambridge-500,6.560046237946587,0.020514965057373047,5
298,cambridge-500,1.967564745910402,0.01995539665222168,5
299,cambridge-500,4.584228079375509,0.030343055725097656,8
300,cambridge-500,7.0727291552987825,0.013641357421875,3
301,cambridge-500,2.0393801748068974,0.020056724548339844,5
302,cambridge-500,3.6229351704121617,0.023627519607543945,6
303,cambridge-500,2.458904388229671,0.019906282424926758,5
304,cambridge-500,2.578437034450503,0.013127326965332031,3
305,cambridge-500,4.205670847332795,0.03387141227722168,9
306,cambridge-500,3.0397059780072797,0.020301103591918945,5
307,cambridge-500,3.308864382749774,0.027025699615478516,7
308,cambridge-500,2.6895100899172535,0.0276639461517334,7
309,cambridge-500,2.876123719395263,0.026966094970703125,7
310,cambridge-500,3.6047806993755946,0.012872457504272461,3
311,cambridge-500,4.319997506026901,0.027205944061279297,7
312,cambridge-500,3.4452631768354562,0.02360391616821289,6
313,cambridge-500,2.3479441560031415,0.02389049530029297,6
314,cambridge-500,7.544250814237512,0.020258188247680664,5
315,cambridge-500,2.172714503804313,0.033170461654663086,9
316,cambridge-500,3.8965114722005394,0.02393651008605957,6
317,cambridge-500,3.3767601298303584,0.019818782806396484,5
318,cambridge-500,5.967043727821737,0.023378849029541016,6
319,cambridge-500,2.304676337870246,0.0269925594329834,7
320,cambridge-500,5.477766164597529,0.023637056350708008,6
321,cambridge-500,3.0003862673800517,0.01969456672668457,5
322,cambridge-500,3.384213313045401,0.023776531219482422,6
323,cambridge-500,7.838231257901971,0.0167691707611084,4
324,cambridge-500,2.480615423384669,0.017026424407958984,4
325,cambridge-500,3.0948212222467886,0.016797304153442383,4
326,cambridge-500,3.57213515383826,0.06172537803649902,17
327,cambridge-500,2.4897111262776233,0.016497135162353516,4
328,cambridge-500,2.708725592699271,0.027671337127685547,7
329,cambridge-500,2.8391958683585243,0.023397445678710938,6
330,cambridge-500,3.233522844775856,0.024976491928100586,6
331,cambridge-500,5.184126722828624,0.0164947509765625,4
332,cambridge-500,3.0387384862687554,0.013195991516113281,3
333,cambridge-500,8.624320997436985,0.020600557327270508,5
334,cambridge-500,3.863169153515064,0.027637243270874023,7
335,cambridge-500,4.072723448054425,0.02340102195739746,6
336,cambridge-500,3.6658015521111853,0.02435779571533203,6
337,cambridge-500,6.166080395004102,0.02019357681274414,5
338,cambridge-500,4.667694743226773,0.020333290100097656,5
339,cambridge-500,5.580707645078887,0.020064830780029297,5
340,cambridge-500,4.283875911563596,0.04742693901062012,13
341,cambridge-500,4.713032016565291,0.009840965270996094,2
342,cambridge-500,3.230108622249249,0.023072004318237305,6
343,cambridge-500,5.742343521708158,0.03452301025390625,9
344,cambridge-500,5.698111346938355,0.020221471786499023,5
345,cambridge-500,2.2910180489123793,0.013154268264770508,3
346,cambridge-500,2.5469208692876215,0.04283761978149414,9
347,cambridge-500,6.236778860910019,0.03410506248474121,9
348,cambridge-500,2.8476374202522288,0.026741504669189453,7
349,cambridge-500,2.8329293730110288,0.027193069458007812,7
350,cambridge-500,3.8189333363692297,0.03019261360168457,8
351,cambridge-500,6.577868234349433,0.01669597625732422,4
352,cambridge-500,4.134265162290247,0.02370166778564453,6
353,cambridge-500,4.332434853305488,0.03418374061584473,9
354,cambridge-500,3.255195771862345,0.013146162033081055,3
355,cambridge-500,5.558973164077935,0.017159223556518555,4
356,cambridge-500,5.784377382689865,0.02731776237487793,7
357,cambridge-500,2.629872211363059,0.04508376121520996,12
358,cambridge-500,6.662399986381267,0.020424365997314453,5
359,cambridge-500,2.304560365620343,0.030210018157958984,8
360,cambridge-500,5.071092181425351,0.01667928695678711,4
361,cambridge-500,2.630007304160331,0.02371668815612793,6
362,cambridge-500,3.432933107654205,0.02392721176147461,6
363,cambridge-500,4.14055247132182,0.0233914852142334,6
364,cambridge-500,2.3188841760069128,0.030411481857299805,8
365,cambridge-500,2.11795051681413,0.016581296920776367,4
366,cambridge-500,2.4117300589870783,0.02041172981262207,5
367,cambridge-500,2.819431893975038,0.01682257652282715,4
368,cambridge-500,2.423297914290269,0.04436755180358887,12
369,cambridge-500,2.4909532241050156,0.020117998123168945,5
370,cambridge-500,3.198069391776425,0.037606000900268555,10
371,cambridge-500,2.1391340159509156,0.027993202209472656,7
372,cambridge-500,2.933936024265203,0.03335261344909668,9
373,cambridge-500,2.539664112780398,0.024315834045410156,6
374,cambridge-500,3.9350505528638187,0.02345871925354004,6
375,cambridge-500,1.8854874382002695,0.0416867733001709,11
376,cambridge-500,7.976952278059272,0.023345232009887695,6
377,cambridge-500,2.9385904568783414,0.03730320930480957,10
378,cambridge-500,3.159642643225361,0.03837013244628906,10
379,cambridge-500,4.285200120760446,0.02704620361328125,7
380,cambridge-500,2.4638374086850865,0.02364826202392578,6
381,cambridge-500,7.757787578006613,0.027003049850463867,7
382,cambridge-500,6.160983818608896,0.023865222930908203,6
383,cambridge-500,4.6735401139713515,0.027111291885375977,7
384,cambridge-500,3.461015525933127,0.0265350341796875,7
385,cambridge-500,3.1681082468982056,0.03818845748901367,10
386,cambridge-500,2.4477941883738072,0.01990056037902832,5
387,cambridge-500,2.3291830222125727,0.04895949363708496,13
388,cambridge-500,3.5451306443674273,0.013235330581665039,3
389,cambridge-500,4.420644208186141,0.023108243942260742,6
390,cambridge-500,2.6769593634748916,0.030926942825317383,8
391,cambridge-500,2.9244413111330485,0.0479736328125,13
392,cambridge-500,2.4830461683645537,0.01627969741821289,4
393,cambridge-500,4.337409836793777,0.03390812873840332,9
394,cambridge-500,4.510553487745475,0.04109668731689453,11
395,cambridge-500,5.158913053608305,0.016533374786376953,4
396,cambridge-500,3.5795809873573488,0.023812294006347656,6
397,cambridge-500,1.9886834192013034,0.03440213203430176,9
398,cambridge-500,2.573249531269191,0.016463279724121094,4
399,cambridge-500,5.686747541945318,0.02722930908203125,7
400,cambridge-500,3.6946050414128404,0.030675649642944336,8
401,cambridge-500,4.085050795515057,0.023387670516967773,6
402,cambridge-500,3.37433387537759,0.023357868194580078,6
403,cambridge-500,2.57880219996006,0.027015209197998047,7
404,cambridge-500,3.780341079756185,0.009746074676513672,2
405,cambridge-500,3.379985629978348,0.025835752487182617,6
406,cambridge-500,2.914096976761681,0.027287006378173828,7
407,cambridge-500,2.9135756163045476,0.04813265800476074,13
408,cambridge-500,3.729675270089348,0.03103494644165039,8
409,cambridge-500,2.8928167513182608,0.013242721557617188,3
410,cambridge-500,4.916750049534104,0.027065277099609375,7
411,cambridge-500,3.2634200472602255,0.023966550827026367,6
412,cambridge-500,2.4789745171812747,0.023609161376953125,6
413,cambridge-500,3.301294060269025,0.023324012756347656,6
414,cambridge-500,5.52325051364823,0.024264097213745117,6
415,cambridge-500,3.0279708511884307,0.01995682716369629,5
416,cambridge-500,2.729556110858769,0.023908615112304688,6
417,cambridge-500,4.007579315391287,0.019861459732055664,5
418,cambridge-500,3.2966929440217845,0.016174793243408203,4
419,cambridge-500,2.6684427170420384,0.027869224548339844,7
420,cambridge-500,1.9401812709879325,0.01959538459777832,5
421,cambridge-500,3.494948679655526,0.02695775032043457,7
422,cambridge-500,3.691646826003341,0.06149458885192871,17
423,cambridge-500,2.357676224423567,0.02366352081298828,6
424,cambridge-500,3.1667243496493374,0.017015457153320312,4
425,cambridge-500,4.572902764206893,0.020491361618041992,5
426,cambridge-500,2.2241561246219126,0.04034018516540527,11
427,cambridge-500,2.067007890252691,0.020390987396240234,5
428,cambridge-500,2.9241969572271844,0.01722860336303711,4
429,cambridge-500,2.6121642008152164,0.03378796577453613,9
430,cambridge-500,7.8192142152684205,0.016360044479370117,4
431,cambridge-500,3.733505934432383,0.043684959411621094,12
432,cambridge-500,2.8819134566563127,0.03758645057678223,10
433,cambridge-500,2.2134241950329976,0.019774675369262695,5
434,cambridge-500,7.8020576392787735,0.01720404624938965,4
435,cambridge-500,3.2133267776841867,0.0342106819152832,9
436,cambridge-500,4.513530860996161,0.037854671478271484,10
437,cambridge-500,2.6743401157655837,0.017683029174804688,4
438,cambridge-500,5.541816715883923,0.026535511016845703,5
439,cambridge-500,4.865197302905202,0.035720109939575195,8
440,cambridge-500,4.428356031902247,0.023860454559326172,6
441,cambridge-500,3.4974213633344666,0.016965627670288086,4
442,cambridge-500,4.710812265996006,0.03785443305969238,10
443,cambridge-500,4.72463314809625,0.020442962646484375,5
444,cambridge-500,2.4377928615816304,0.030101299285888672,8
445,cambridge-500,4.099008055925715,0.02381300926208496,6
446,cambridge-500,6.1359274965238875,0.026965618133544922,7
447,cambridge-500,2.2683286463459567,0.023417234420776367,6
448,cambridge-500,3.203799134260027,0.016900300979614258,4
449,cambridge-500,2.732561487689598,0.026951313018798828,7
450,cambridge-500,3.580139802943075,0.01728367805480957,4
451,cambridge-500,3.447602835051987,0.021331787109375,5
452,cambridge-500,7.539094847298873,0.016928672790527344,4
453,cambridge-500,5.23496747714035,0.020532608032226562,5
454,cambridge-500,2.8124730150740636,0.01668238639831543,4
455,cambridge-500,2.9721051653953654,0.03751230239868164,10
456,cambridge-500,3.368391386837866,0.0338740348815918,9
457,cambridge-500,4.663015544814264,0.03788900375366211,10
458,cambridge-500,2.613936693187848,0.030741453170776367,8
459,cambridge-500,4.23928617764057,0.027009963989257812,7
460,cambridge-500,2.6634585774491173,0.04194307327270508,11
461,cambridge-500,5.494614241941885,0.02046823501586914,5
462,cambridge-500,2.3961755098933604,0.026835918426513672,7
463,cambridge-500,7.864806582330821,0.013613700866699219,3
464,cambridge-500,4.4598510226186745,0.026712656021118164,7
465,cambridge-500,3.4952730609768823,0.02014017105102539,5
466,cambridge-500,2.3846835044684727,0.03377127647399902,9
467,cambridge-500,7.054805600023725,0.01322031021118164,3
468,cambridge-500,5.44848081692647,0.020577430725097656,5
469,cambridge-500,2.088555903965154,0.05168771743774414,14
470,cambridge-500,2.7320424475868985,0.016495943069458008,4
471,cambridge-500,4.641312226015082,0.027096033096313477,7
472,cambridge-500,5.939441840385481,0.019931316375732422,5
473,cambridge-500,2.5932436673125125,0.013333797454833984,3
474,cambridge-500,3.901934678111597,0.023702383041381836,6
475,cambridge-500,3.507113326063046,0.026826858520507812,7
476,cambridge-500,2.7643857597120562,0.030481576919555664,8
477,cambridge-500,3.5189895647201688,0.0237886905670166,6
478,cambridge-500,3.2926475183183386,0.020422697067260742,5
479,cambridge-500,6.5778068121701185,0.04071378707885742,11
480,cambridge-500,3.5029705707621646,0.024639606475830078,6
481,cambridge-500,3.234709322752756,0.030709028244018555,8
482,cambridge-500,3.7578549070853877,0.009722471237182617,2
483,cambridge-500,3.1012356627969058,0.03110980987548828,8
484,cambridge-500,4.000153246670898,0.03695487976074219,10
485,cambridge-500,3.1850426146221507,0.013555049896240234,3
486,cambridge-500,4.1620943499047565,0.016584157943725586,4
487,cambridge-500,4.927809983711825,0.030160903930664062,8
488,cambridge-500,7.977218610592735,0.030472755432128906,8
489,cambridge-500,4.35993984670276,0.02677297592163086,7
490,cambridge-500,2.338458769886625,0.030734777450561523,8
491,cambridge-500,5.594502620935956,0.01319122314453125,3
492,cambridge-500,3.438518518671575,0.023601055145263672,6
493,cambridge-500,2.5245575675414225,0.020102262496948242,5
494,cambridge-500,5.365416130195576,0.027206897735595703,7
495,cambridge-500,3.19743937872736,0.020093441009521484,5
496,cambridge-500,2.7343410600403057,0.030440807342529297,8
497,cambridge-500,6.01804672796339,0.0343778133392334,9
498,cambridge-500,2.9006654030306427,0.013639450073242188,3
499,cambridge-500,4.345573407444615,0.027112722396850586,7
500,cambridge-500,3.3287640182646925,0.02111029624938965,5
501,cambridge-500,7.410919024663302,0.01719069480895996,4
502,cambridge-500,3.0384870625524854,0.013203859329223633,3
503,cambridge-500,3.7356319054117892,0.02714681625366211,7
504,cambridge-500,3.1439202445213636,0.034360647201538086,9
505,cambridge-500,2.992115292270305,0.013272523880004883,3
506,cambridge-500,2.6058370297411906,0.01648736000061035,4
507,cambridge-500,3.7001064412692477,0.009685039520263672,2
508,cambridge-500,3.4557620239600904,0.026989221572875977,7
509,cambridge-500,5.56388403769599,0.024410009384155273,6
510,cambridge-500,2.6564935926154942,0.03363990783691406,9
511,cambridge-500,3.098918357729291,0.020170927047729492,5
512,cambridge-500,2.4255292646335382,0.0301816463470459,8
513,cambridge-500,5.090251328241152,0.030707120895385742,8
514,cambridge-500,2.626406423185272,0.023447036743164062,6
515,cambridge-500,3.310912601655742,0.040839433670043945,11
516,cambridge-500,2.7936742894644664,0.01994609832763672,5
517,cambridge-500,2.767536526801639,0.01982903480529785,5
518,cambridge-500,2.9156311769913095,0.017209768295288086,4
519,cambridge-500,4.468605598571611,0.02400994300842285,6
520,cambridge-500,2.4494578581954927,0.030883073806762695,8
521,cambridge-500,3.6819781239117946,0.030974149703979492,8
522,cambridge-500,1.9163128401813936,0.023955106735229492,6
523,cambridge-500,7.3948888666232815,0.020494461059570312,5
524,cambridge-500,4.753076373829939,0.03143620491027832,8
525,cambridge-500,3.2344964208146245,0.041332244873046875,11
526,cambridge-500,3.938797681896615,0.020474910736083984,5
527,cambridge-500,4.403635977217604,0.03791069984436035,10
528,cambridge-500,4.459720310589499,0.033332109451293945,6
529,cambridge-500,2.41088970025433,0.026949405670166016,7
530,cambridge-500,3.2643315460667033,0.013709783554077148,3
531,cambridge-500,2.9182513061011766,0.023543357849121094,6
532,cambridge-500,2.8937444859708106,0.019936084747314453,5
533,cambridge-500,4.4999152850404345,0.016832590103149414,4
534,cambridge-500,2.7772491116927087,0.023520231246948242,6
535,cambridge-500,3.067075751227021,0.040848731994628906,11
536,cambridge-500,2.3141282093223436,0.01329946517944336,3
537,cambridge-500,8.003593352347409,0.02462315559387207,6
538,cambridge-500,2.422296284268194,0.030030012130737305,8
539,cambridge-500,2.1360723398011174,0.02346968650817871,6
540,cambridge-500,3.407563745925622,0.021179676055908203,5
541,cambridge-500,2.169811330424656,0.020567655563354492,5
542,cambridge-500,2.7317568818099778,0.03772616386413574,10
543,cambridge-500,2.6041298146163285,0.0302431583404541,8
544,cambridge-500,2.659535331259453,0.023197412490844727,6
545,cambridge-500,3.6823083800375036,0.016812801361083984,4
546,cambridge-500,9.362248054691406,0.023497819900512695,6
547,cambridge-500,2.881746924071748,0.036835432052612305,10
548,cambridge-500,2.624999695792267,0.027286767959594727,7
549,cambridge-500,1.939185832897723,0.01297307014465332,3
550,cambridge-500,2.8004415427035316,0.020993947982788086,5
551,cambridge-500,3.2561591647499064,0.02001667022705078,5
552,cambridge-500,4.036849606144548,0.023816823959350586,6
553,cambridge-500,3.8121854422995005,0.020047664642333984,5
554,cambridge-500,2.40164438353197,0.02357316017150879,6
555,cambridge-500,3.678942400073702,0.016830921173095703,4
556,cambridge-500,3.7814028008196305,0.016710996627807617,4
557,cambridge-500,2.244207227975972,0.01675105094909668,4
558,cambridge-500,2.6222697672364013,0.016823768615722656,4
559,cambridge-500,3.429348598170148,0.027561187744140625,7
560,cambridge-500,3.1172234311152307,0.009953498840332031,2
561,cambridge-500,2.3517887879422483,0.02373647689819336,6
562,cambridge-500,4.042762065884428,0.02794027328491211,7
563,cambridge-500,7.060481300569333,0.01376485824584961,3
564,cambridge-500,3.558468325810731,0.054788827896118164,15
565,cambridge-500,2.329210634191844,0.030216217041015625,8
566,cambridge-500,3.7745054282553583,0.01317906379699707,3
567,cambridge-500,3.7066600634404527,0.028074264526367188,7
568,cambridge-500,3.47008896591403,0.035590171813964844,9
569,cambridge-500,2.5110467218210166,0.020137310028076172,5
570,cambridge-500,4.280046819243291,0.009737253189086914,2
571,cambridge-500,2.050515036285786,0.020060300827026367,5
572,cambridge-500,2.346032795570149,0.023090124130249023,6
573,cambridge-500,4.483885009066491,0.04735136032104492,13
574,cambridge-500,2.647572027393972,0.02322244644165039,6
575,cambridge-500,6.0821468899335125,0.03714156150817871,10
576,cambridge-500,3.6911742059836268,0.013383150100708008,3
577,cambridge-500,3.5574469858002256,0.0165712833404541,4
578,cambridge-500,2.0887756222721015,0.04415392875671387,12
579,cambridge-500,2.9690741407323284,0.024415016174316406,6
580,cambridge-500,5.190689453498985,0.02356243133544922,6
581,cambridge-500,4.800618341161718,0.026917219161987305,7
582,cambridge-500,3.346949487189762,0.027035951614379883,7
583,cambridge-500,3.1705425487240144,0.016368389129638672,4
584,cambridge-500,2.5884503785689184,0.03461909294128418,9
585,cambridge-500,4.4689314355836505,0.04106593132019043,11
586,cambridge-500,2.8390504259182614,0.030681848526000977,8
587,cambridge-500,4.362148266195748,0.044339656829833984,12
588,cambridge-500,4.737124097520406,0.027225255966186523,7
589,cambridge-500,3.6632126859904965,0.02336740493774414,6
590,cambridge-500,3.7955391575361594,0.030983448028564453,8
591,cambridge-500,7.372715029901492,0.020310401916503906,5
592,cambridge-500,2.7403046680167917,0.013101816177368164,3
593,cambridge-500,3.6072882564822835,0.017304658889770508,4
594,cambridge-500,4.406494949597576,0.033850908279418945,7
595,cambridge-500,3.5654726315202954,0.016358613967895508,4
596,cambridge-500,4.349680418182028,0.013285398483276367,3
597,cambridge-500,3.5163577873637526,0.01650547981262207,4
598,cambridge-500,2.9660394201542886,0.013521671295166016,3
599,cambridge-500,2.9424462883642493,0.014080047607421875,3
600,cambridge-500,3.614026553791236,0.026968717575073242,7
601,cambridge-500,2.230740479387687,0.03697705268859863,10
602,cambridge-500,3.9958036266604515,0.02005171775817871,5
603,cambridge-500,3.728454501457019,0.02733922004699707,7
604,cambridge-500,4.486913536864114,0.016681432723999023,4
605,cambridge-500,2.5757558881018623,0.05526399612426758,15
606,cambridge-500,3.269806932944427,0.010080814361572266,2
607,cambridge-500,2.568467444103284,0.03400540351867676,9
608,cambridge-500,2.3992484630508986,0.03754758834838867,10
609,cambridge-500,4.404126560655233,0.03763103485107422,10
610,cambridge-500,2.0459338597081764,0.026531219482421875,7
611,cambridge-500,2.3999779908993197,0.030515432357788086,8
612,cambridge-500,2.8579046757771422,0.02003765106201172,5
613,cambridge-500,3.486901343488301,0.02382493019104004,6
614,cambridge-500,5.180413545330184,0.02718353271484375,7
615,cambridge-500,5.192611795258501,0.01647186279296875,4
616,cambridge-500,5.113525216968045,0.0316007137298584,7
617,cambridge-500,2.7432815921336076,0.041381120681762695,11
618,cambridge-500,4.395148379769364,0.02694869041442871,7
619,cambridge-500,3.436681649415909,0.023250341415405273,6
620,cambridge-500,2.6827834446365584,0.0236203670501709,6
621,cambridge-500,4.891139075736308,0.026973724365234375,7
622,cambridge-500,3.287496417992697,0.030721187591552734,8
623,cambridge-500,4.258079259983295,0.026912212371826172,7
624,cambridge-500,6.228236713508562,0.02098870277404785,5
625,cambridge-500,3.3220776635923017,0.034302711486816406,9
626,cambridge-500,3.3967161850784784,0.02002882957458496,5
627,cambridge-500,2.872238319382985,0.01645183563232422,4
628,cambridge-500,2.8010345743596163,0.03373456001281738,9
629,cambridge-500,2.521319543114589,0.02696704864501953,7
630,cambridge-500,3.3296614646430265,0.02023768424987793,5
631,cambridge-500,2.2966650436497127,0.03028702735900879,8
632,cambridge-500,3.8867804256462537,0.031419992446899414,8
633,cambridge-500,2.537563989357583,0.02772235870361328,7
634,cambridge-500,2.2248856755840594,0.023784637451171875,6
635,cambridge-500,6.485992562063193,0.027032136917114258,7
636,cambridge-500,3.5078234964212327,0.01642012596130371,4
637,cambridge-500,3.3744372568107273,0.013412714004516602,3
638,cambridge-500,7.995326739444509,0.033309221267700195,9
639,cambridge-500,3.4319530016577806,0.03397393226623535,9
640,cambridge-500,5.183662171681151,0.009778022766113281,2
641,cambridge-500,5.815605231881459,0.016599416732788086,4
642,cambridge-500,5.814405081323293,0.03801321983337402,10
643,cambridge-500,2.8936112933243465,0.03329873085021973,9
644,cambridge-500,2.431585398465287,0.047559499740600586,13
645,cambridge-500,3.6208171763186083,0.027426719665527344,7
646,cambridge-500,3.6493231687899494,0.03402304649353027,9
647,cambridge-500,2.62879489950922,0.029836416244506836,8
648,cambridge-500,2.896253779640143,0.016861438751220703,4
649,cambridge-500,2.9044920526680342,0.03691530227661133,10
650,cambridge-500,3.3399210989894796,0.020311832427978516,5
651,cambridge-500,2.9975370386998628,0.02695012092590332,6
652,cambridge-500,2.595690443370374,0.04826855659484863,13
653,cambridge-500,4.125075581834525,0.0276641845703125,7
654,cambridge-500,3.09094264383931,0.013039827346801758,3
655,cambridge-500,9.996296343392215,0.024394750595092773,6
656,cambridge-500,3.799638695116264,0.01654052734375,4
657,cambridge-500,2.7998782367921167,0.023660659790039062,6
658,cambridge-500,2.3964465981303467,0.029937028884887695,8
659,cambridge-500,6.064216516062384,0.031085729598999023,8
660,cambridge-500,4.337728284600633,0.04087400436401367,11
661,cambridge-500,2.772828698501406,0.027056455612182617,7
662,cambridge-500,3.240537260568409,0.01982736587524414,5
663,cambridge-500,2.900608449784373,0.016979217529296875,4
664,cambridge-500,3.6131223387206735,0.02700972557067871,7
665,cambridge-500,2.715431754476917,0.016615867614746094,4
666,cambridge-500,5.1558606959755044,0.027312755584716797,7
667,cambridge-500,3.0469130566907947,0.016713380813598633,4
668,cambridge-500,3.3634638553229594,0.009803533554077148,2
669,cambridge-500,4.562330514804423,0.027314424514770508,7
670,cambridge-500,3.408970314510031,0.0337526798248291,9
671,cambridge-500,2.795039841690201,0.021494150161743164,5
672,cambridge-500,3.3590741057664393,0.02359628677368164,6
673,cambridge-500,2.865658531286365,0.03074026107788086,8
674,cambridge-500,5.100854918613026,0.01634526252746582,4
675,cambridge-500,3.546059831718142,0.027313947677612305,7
676,cambridge-500,3.0284233149317785,0.019887447357177734,5
677,cambridge-500,2.0087770043254274,0.013215780258178711,3
678,cambridge-500,2.6911927075247233,0.023210763931274414,6
679,cambridge-500,6.447525701080306,0.01639080047607422,4
680,cambridge-500,2.852757662130594,0.02400970458984375,6
681,cambridge-500,17.437015987946268,0.016835689544677734,4
682,cambridge-500,3.7787657582762546,0.04119277000427246,11
683,cambridge-500,2.3759797025485274,0.01676487922668457,4
684,cambridge-500,2.8054161758069287,0.021320104598999023,5
685,cambridge-500,3.75099148577688,0.02324390411376953,6
686,cambridge-500,2.272817264019332,0.026915311813354492,7
687,cambridge-500,4.018682990651291,0.009791851043701172,2
688,cambridge-500,6.110343614663161,0.027777671813964844,7
689,cambridge-500,4.5174707324174745,0.026998281478881836,7
690,cambridge-500,3.467523978729181,0.0309908390045166,8
691,cambridge-500,2.293692621265006,0.02034783363342285,5
692,cambridge-500,2.2085337653274393,0.01685619354248047,4
693,cambridge-500,7.092256779025332,0.034032344818115234,9
694,cambridge-500,2.8320011562604677,0.03732943534851074,10
695,cambridge-500,2.5325367661458396,0.023983001708984375,6
696,cambridge-500,3.089840387369498,0.04102277755737305,11
697,cambridge-500,4.7230573826207305,0.01651787757873535,4
698,cambridge-500,3.1469220234827255,0.016924619674682617,4
699,cambridge-500,2.9879603500836396,0.03391551971435547,9
700,cambridge-500,5.1657867990661455,0.027385950088500977,7
701,cambridge-500,2.135155582451672,0.029793977737426758,8
702,cambridge-500,4.592511202452438,0.016695499420166016,4
703,cambridge-500,4.640821245557651,0.0336451530456543,9
704,cambridge-500,4.554120618733935,0.016520023345947266,4
705,cambridge-500,2.2709666471348235,0.02316880226135254,6
706,cambridge-500,2.5798134348034125,0.027120113372802734,7
707,cambridge-500,3.119391268984932,0.030086755752563477,8
708,cambridge-500,4.195906978689918,0.0335390567779541,9
709,cambridge-500,2.778039421435083,0.023523807525634766,6
710,cambridge-500,2.4865595761304857,0.01837611198425293,4
711,cambridge-500,3.7289541287456,0.03112053871154785,8
712,cambridge-500,4.389706562076824,0.016661643981933594,4
713,cambridge-500,2.749298793295027,0.03368639945983887,9
714,cambridge-500,6.491617555258801,0.019995689392089844,5
715,cambridge-500,2.218973923532047,0.03448081016540527,9
716,cambridge-500,2.702782430760203,0.013205528259277344,3
717,cambridge-500,2.8159211748807373,0.03162503242492676,6
718,cambridge-500,2.7024488091703205,0.016539812088012695,4
719,cambridge-500,6.108356285409194,0.02771759033203125,7
720,cambridge-500,6.952910121725611,0.01992511749267578,5
721,cambridge-500,2.8956924995391167,0.04734086990356445,13
722,cambridge-500,6.881247540091223,0.02349853515625,6
723,cambridge-500,7.180633851247869,0.024210691452026367,6
724,cambridge-500,2.2810401363231176,0.03371405601501465,9
725,cambridge-500,3.1683123461699276,0.04061007499694824,11
726,cambridge-500,4.42446359417263,0.026845455169677734,7
727,cambridge-500,4.873614998017006,0.016785144805908203,4
728,cambridge-500,4.823919337372317,0.009688854217529297,2
729,cambridge-500,4.5010003564078955,0.024326086044311523,6
730,cambridge-500,3.9579332475501467,0.04767918586730957,13
731,cambridge-500,6.631054787234175,0.030429601669311523,8
732,cambridge-500,4.604979127613191,0.020035982131958008,5
733,cambridge-500,2.7224303850252283,0.023632287979125977,6
734,cambridge-500,3.752785265170385,0.020002126693725586,5
735,cambridge-500,2.5345271089743555,0.027245521545410156,7
736,cambridge-500,2.997795588676553,0.03451943397521973,9
737,cambridge-500,3.099308515122413,0.013150215148925781,3
738,cambridge-500,5.229196204790476,0.019751310348510742,5
739,cambridge-500,4.741763222898671,0.0273592472076416,7
740,cambridge-500,3.61499894207469,0.030394315719604492,8
741,cambridge-500,2.9501154910769385,0.037336111068725586,10
742,cambridge-500,2.2475784843978674,0.020491838455200195,5
743,cambridge-500,2.132356388332248,0.03025507926940918,8
744,cambridge-500,4.344106440827069,0.03038501739501953,8
745,cambridge-500,1.796131769914829,0.04516482353210449,12
746,cambridge-500,2.7841424259467,0.016971349716186523,4
747,cambridge-500,2.8454251452287416,0.02729487419128418,7
748,cambridge-500,6.425136010079029,0.030028104782104492,8
749,cambridge-500,2.5341605749128138,0.02682638168334961,7
750,cambridge-500,5.3069602697626665,0.03001093864440918,8
751,cambridge-500,2.1401936564764963,0.04039287567138672,11
752,cambridge-500,3.4807064596691353,0.02674555778503418,7
753,cambridge-500,3.444051613810233,0.020067930221557617,5
754,cambridge-500,2.5489220368779715,0.02389812469482422,6
755,cambridge-500,2.3987767374578643,0.030107975006103516,8
756,cambridge-500,2.3355084495125586,0.01713871955871582,4
757,cambridge-500,3.907961729875065,0.03734588623046875,10
758,cambridge-500,2.69700297882374,0.023238182067871094,6
759,cambridge-500,3.2049384488432153,0.016542673110961914,4
760,cambridge-500,3.2252500766079493,0.02385854721069336,6
761,cambridge-500,4.69049397831629,0.02694106101989746,7
762,cambridge-500,2.2205348206018125,0.029825925827026367,8
763,cambridge-500,2.662885572420082,0.02674126625061035,7
764,cambridge-500,3.1299337859361835,0.020383834838867188,5
765,cambridge-500,3.336418998295512,0.016306400299072266,4
766,cambridge-500,3.2575345641614812,0.020294904708862305,5
767,cambridge-500,2.5747756765203493,0.029867172241210938,8
768,cambridge-500,3.1503138161677806,0.04410052299499512,12
769,cambridge-500,4.157475702181565,0.016838788986206055,4
770,cambridge-500,5.821464047027042,0.020101070404052734,5
771,cambridge-500,2.001523957803586,0.03356289863586426,9
772,cambridge-500,4.521708794283766,0.023161888122558594,6
773,cambridge-500,2.6470720973455504,0.02358698844909668,6
774,cambridge-500,3.8136854919257934,0.026582717895507812,7
775,cambridge-500,2.09939946307611,0.03419041633605957,9
776,cambridge-500,3.1206627979719554,0.03040313720703125,8
777,cambridge-500,3.9436572811473107,0.03076004981994629,8
778,cambridge-500,2.8696592808730035,0.03031611442565918,8
779,cambridge-500,4.414842541197758,0.02368640899658203,6
780,cambridge-500,3.518715113922466,0.01407480239868164,3
781,cambridge-500,2.4645942306716395,0.033597707748413086,9
782,cambridge-500,3.2541417190312125,0.020577669143676758,5
783,cambridge-500,8.20101853535557,0.010024309158325195,2
784,cambridge-500,4.508527366056654,0.02329421043395996,6
785,cambridge-500,4.395354694111796,0.020013809204101562,5
786,cambridge-500,3.2051520714526616,0.0335390567779541,9
787,cambridge-500,3.1202114315668985,0.01973414421081543,5
788,cambridge-500,2.201094303220445,0.027652740478515625,7
789,cambridge-500,3.250146605026306,0.03348255157470703,9
790,cambridge-500,2.991391671794541,0.026824951171875,7
791,cambridge-500,9.510074670609166,0.012968063354492188,3
792,cambridge-500,3.16439959698081,0.01680135726928711,4
793,cambridge-500,3.0429705035716075,0.016516923904418945,4
794,cambridge-500,2.337862482202872,0.012873172760009766,3
795,cambridge-500,4.299800533543441,0.03781914710998535,10
796,cambridge-500,4.674545547957263,0.016620159149169922,4
797,cambridge-500,2.8865434019572738,0.03018665313720703,8
798,cambridge-500,2.3191451852586367,0.023378372192382812,6
799,cambridge-500,4.039792598611439,0.02306389808654785,6
800,cambridge-500,3.810486320314416,0.020177364349365234,5
801,cambridge-500,2.3641959016393925,0.04176449775695801,11
802,cambridge-500,2.1890578353052015,0.017210721969604492,4
803,cambridge-500,3.3428535270012243,0.04511594772338867,12
804,cambridge-500,4.994438625270606,0.020298480987548828,5
805,cambridge-500,2.9680144395497186,0.016341209411621094,4
806,cambridge-500,4.580724715608828,0.023942232131958008,6
807,cambridge-500,3.9280471828941845,0.04087042808532715,11
808,cambridge-500,6.51317799875342,0.026509761810302734,7
809,cambridge-500,3.291098840993068,0.030658721923828125,8
810,cambridge-500,2.624676507173255,0.01624155044555664,4
811,cambridge-500,2.474461702323987,0.027059078216552734,7
812,cambridge-500,3.4692627106150074,0.020504474639892578,5
813,cambridge-500,2.475696403491407,0.02683877944946289,7
814,cambridge-500,2.823461150669228,0.02645564079284668,7
815,cambridge-500,3.590335798660139,0.02724289894104004,7
816,cambridge-500,2.249445025998804,0.02344489097595215,6
817,cambridge-500,2.9542562212620003,0.03016519546508789,8
818,cambridge-500,2.865247768889469,0.019625425338745117,5
819,cambridge-500,6.741874194964587,0.0366969108581543,10
820,cambridge-500,3.3972002096723415,0.024116992950439453,6
821,cambridge-500,2.3480154884416646,0.023728370666503906,6
822,cambridge-500,2.7509733245294496,0.07257461547851562,20
823,cambridge-500,3.1804231234171914,0.01989459991455078,5
824,cambridge-500,3.3489190348263485,0.020338058471679688,5
825,cambridge-500,3.3001760661370767,0.023235559463500977,6
826,cambridge-500,2.6164630011891763,0.013100862503051758,3
827,cambridge-500,2.5463190486742078,0.020187854766845703,5
828,cambridge-500,4.933926826487568,0.0264742374420166,7
829,cambridge-500,2.133141171691515,0.040694236755371094,11
830,cambridge-500,2.6782329089658985,0.02367568016052246,6
831,cambridge-500,3.2548572780603813,0.024705171585083008,6
832,cambridge-500,3.5057095881767912,0.016218185424804688,4
833,cambridge-500,6.598392175961273,0.020075082778930664,5
834,cambridge-500,2.8172685288115336,0.03409385681152344,9
835,cambridge-500,3.0441271628319786,0.026856422424316406,7
836,cambridge-500,2.44699188030311,0.042708635330200195,11
837,cambridge-500,3.0095340152023833,0.02722620964050293,7
838,cambridge-500,2.7633278437319784,0.04137396812438965,11
839,cambridge-500,3.676466614116362,0.018007755279541016,4
840,cambridge-500,3.1222086251343417,0.025131702423095703,6
841,cambridge-500,4.251522848469581,0.017832040786743164,4
842,cambridge-500,6.54040308263972,0.0239260196685791,6
843,cambridge-500,2.8433908327589585,0.017062664031982422,4
844,cambridge-500,3.1423003469053454,0.031191587448120117,8
845,cambridge-500,3.1200962607451834,0.01668405532836914,4
846,cambridge-500,2.7571855380772483,0.013062477111816406,3
847,cambridge-500,2.9959511115607573,0.016261577606201172,4
848,cambridge-500,4.121649348092236,0.023651123046875,6
849,cambridge-500,4.41806910493505,0.019765138626098633,5
850,cambridge-500,3.8259253380821225,0.020570039749145508,5
851,cambridge-500,5.04487346302872,0.016408681869506836,4
852,cambridge-500,3.063190752682933,0.023419857025146484,6
853,cambridge-500,3.394411929978731,0.03040313720703125,8
854,cambridge-500,4.061513286871171,0.01991868019104004,5
855,cambridge-500,8.18571433988699,0.016323089599609375,4
856,cambridge-500,4.069837181854165,0.036583900451660156,10
857,cambridge-500,3.485733507588789,0.02982044219970703,8
858,cambridge-500,2.304119994863613,0.023270130157470703,6
859,cambridge-500,2.529984997799889,0.03178906440734863,8
860,cambridge-500,2.1240220389526847,0.016855239868164062,4
861,cambridge-500,2.3617104122992334,0.013401031494140625,3
862,cambridge-500,7.1552229784563774,0.020081043243408203,5
863,cambridge-500,2.481006839397705,0.023355484008789062,6
864,cambridge-500,2.51552533058834,0.02006244659423828,5
865,cambridge-500,3.389588088945171,0.027151107788085938,7
866,cambridge-500,2.9809201407415924,0.023703813552856445,6
867,cambridge-500,2.9760396241972757,0.026558399200439453,7
868,cambridge-500,2.6888044578364174,0.02017831802368164,5
869,cambridge-500,3.0349738950315293,0.027196407318115234,7
870,cambridge-500,3.21701502472777,0.02005171775817871,5
871,cambridge-500,3.5027283189166853,0.03735923767089844,10
872,cambridge-500,7.138542519710731,0.036757469177246094,10
873,cambridge-500,4.4820478792650995,0.020050525665283203,5
874,cambridge-500,2.9911496800480046,0.03339123725891113,9
875,cambridge-500,7.092215784396506,0.05954694747924805,16
876,cambridge-500,5.81645229008322,0.027047395706176758,7
877,cambridge-500,3.129294637644212,0.0374903678894043,10
878,cambridge-500,2.1230479070390484,0.019889354705810547,5
879,cambridge-500,2.8426204235372006,0.0164949893951416,4
880,cambridge-500,2.441739766579999,0.027173280715942383,7
881,cambridge-500,3.272050375598707,0.0240476131439209,6
882,cambridge-500,2.314253991570276,0.043801069259643555,12
883,cambridge-500,3.5092648012561565,0.02025008201599121,5
884,cambridge-500,2.9861556767273028,0.023298025131225586,6
885,cambridge-500,4.670102519254843,0.009692192077636719,2
886,cambridge-500,2.835700801213104,0.03076338768005371,8
887,cambridge-500,3.0673871303586138,0.020147085189819336,5
888,cambridge-500,4.565174524768956,0.023305416107177734,6
889,cambridge-500,4.524466949129251,0.034148454666137695,9
890,cambridge-500,2.428570907519875,0.019917964935302734,5
891,cambridge-500,3.4868988241154546,0.017373085021972656,4
892,cambridge-500,5.728051188626706,0.01967144012451172,5
893,cambridge-500,3.0281428222681352,0.023005962371826172,6
894,cambridge-500,2.2504239075671206,0.040163516998291016,11
895,cambridge-500,4.787071136050982,0.034404754638671875,9
896,cambridge-500,4.135135733988237,0.0201263427734375,5
897,cambridge-500,2.1905354170263487,0.027459144592285156,7
898,cambridge-500,2.559122402582193,0.010104656219482422,2
899,cambridge-500,2.6856167305493335,0.019980907440185547,5
900,cambridge-500,2.2740304842200634,0.01976156234741211,5
901,cambridge-500,3.016302515462855,0.02778482437133789,7
902,cambridge-500,4.211261165225469,0.040557861328125,11
903,cambridge-500,3.04163497859048,0.01648092269897461,4
904,cambridge-500,3.6036188190046023,0.023470640182495117,6
905,cambridge-500,3.004816367946204,0.03009200096130371,8
906,cambridge-500,2.914472788107148,0.030013084411621094,8
907,cambridge-500,3.946089334451155,0.016419172286987305,4
908,cambridge-500,3.2742555872952237,0.023593425750732422,6
909,cambridge-500,3.4098324838679464,0.037261247634887695,10
910,cambridge-500,2.57377002786823,0.01714015007019043,4
911,cambridge-500,5.308143293939273,0.023447036743164062,6
912,cambridge-500,2.3301959349425507,0.030379056930541992,8
913,cambridge-500,4.923088915225285,0.01727128028869629,4
914,cambridge-500,3.2534898448480067,0.016537189483642578,4
915,cambridge-500,3.1238539229515645,0.020351171493530273,5
916,cambridge-500,2.3536586830905653,0.026653051376342773,7
917,cambridge-500,3.9766266243569484,0.016869544982910156,4
918,cambridge-500,2.549496928296243,0.013133764266967773,3
919,cambridge-500,4.417312305617111,0.017161130905151367,4
920,cambridge-500,3.281675092232312,0.0135955810546875,3
921,cambridge-500,2.9286174822557274,0.02357625961303711,6
922,cambridge-500,2.8263709930841814,0.03037881851196289,8
923,cambridge-500,5.63735420634644,0.04018568992614746,11
924,cambridge-500,2.4932513499009494,0.023108959197998047,6
925,cambridge-500,5.212343823834299,0.009929418563842773,2
926,cambridge-500,2.539544858514548,0.04050421714782715,11
927,cambridge-500,3.7487703080357213,0.020223379135131836,5
928,cambridge-500,3.281952687016122,0.023293733596801758,6
929,cambridge-500,2.9974333075185076,0.03064417839050293,8
930,cambridge-500,3.532042931189977,0.02692127227783203,7
931,cambridge-500,4.421863006813632,0.020221233367919922,5
932,cambridge-500,8.997028830699149,0.03779411315917969,10
933,cambridge-500,2.1193214541531114,0.043715476989746094,12
934,cambridge-500,3.3098446270013526,0.03371262550354004,9
935,cambridge-500,9.673100585732476,0.037897348403930664,10
936,cambridge-500,3.8169398723174144,0.03420686721801758,9
937,cambridge-500,7.201856872518896,0.013694524765014648,3
938,cambridge-500,2.0275131425452484,0.034332275390625,9
939,cambridge-500,4.503527676269937,0.023726463317871094,6
940,cambridge-500,2.457466107013434,0.013432025909423828,3
941,cambridge-500,7.736594785811921,0.03714442253112793,10
942,cambridge-500,5.391014192119042,0.020281314849853516,5
943,cambridge-500,2.4365860154889702,0.03660249710083008,9
944,cambridge-500,3.513557433041066,0.013573408126831055,3
945,cambridge-500,3.7560260054329153,0.027012109756469727,7
946,cambridge-500,3.225038804201201,0.02344965934753418,6
947,cambridge-500,3.3148132052607413,0.0443120002746582,12
948,cambridge-500,1.8905865069568135,0.03371095657348633,9
949,cambridge-500,5.3073487790407725,0.027202129364013672,7
950,cambridge-500,6.2216945158481645,0.035192012786865234,9
951,cambridge-500,4.395777890027391,0.03019571304321289,8
952,cambridge-500,3.2867619700817907,0.04071235656738281,11
953,cambridge-500,3.786681119837369,0.013206243515014648,3
954,cambridge-500,2.3391795542093585,0.034703969955444336,9
955,cambridge-500,7.690377364040083,0.024415016174316406,6
956,cambridge-500,7.620963390206254,0.02318859100341797,6
957,cambridge-500,3.5079653310931387,0.040686607360839844,11
958,cambridge-500,2.720193200761296,0.016358137130737305,4
959,cambridge-500,3.928773400059349,0.03709530830383301,10
960,cambridge-500,3.4193605066594563,0.020123720169067383,5
961,cambridge-500,6.565226509043517,0.02742767333984375,7
962,cambridge-500,3.219131701108145,0.01986408233642578,5
963,cambridge-500,3.861593492697869,0.0237123966217041,6
964,cambridge-500,2.9284323972910657,0.020194530487060547,5
965,cambridge-500,3.4778431076213705,0.04393482208251953,12
966,cambridge-500,3.478557916079505,0.02680683135986328,7
967,cambridge-500,4.000568562823686,0.05449962615966797,15
968,cambridge-500,8.636459188063736,0.023243427276611328,6
969,cambridge-500,3.168282594505441,0.04482841491699219,12
970,cambridge-500,3.3746892043835053,0.020113468170166016,5
971,cambridge-500,3.270621442022703,0.020416975021362305,5
972,cambridge-500,5.232352363695526,0.03837132453918457,10
973,cambridge-500,3.2601421337967693,0.0169069766998291,4
974,cambridge-500,7.3219038520305,0.044174909591674805,12
975,cambridge-500,3.1959981558937613,0.026632308959960938,7
976,cambridge-500,4.217017033272445,0.02354907989501953,6
977,cambridge-500,2.9803504866653734,0.030178308486938477,8
978,cambridge-500,5.51175305870026,0.01995086669921875,5
979,cambridge-500,6.386959163935173,0.026990890502929688,7
980,cambridge-500,3.202436025787003,0.031226634979248047,8
981,cambridge-500,4.404884521946621,0.016818523406982422,4
982,cambridge-500,3.044052088832686,0.03381061553955078,9
983,cambridge-500,3.0604056500863024,0.019269943237304688,4
984,cambridge-500,3.0912530367704996,0.016646385192871094,4
985,cambridge-500,2.569890240195503,0.02001047134399414,5
986,cambridge-500,2.5497312394964387,0.02797222137451172,7
987,cambridge-500,4.194307518971733,0.02422046661376953,6
988,cambridge-500,3.7304492147347585,0.02316737174987793,6
989,cambridge-500,3.1267244981221047,0.024518728256225586,6
990,cambridge-500,2.734501043289641,0.035303592681884766,9
991,cambridge-500,5.051268919876445,0.03563857078552246,9
992,cambridge-500,1.8264327221504832,0.020744800567626953,5
993,cambridge-500,3.533640191794059,0.0306396484375,8
994,cambridge-500,2.856907043219229,0.019957780838012695,5
995,cambridge-500,3.2811757344694934,0.013007879257202148,3
996,cambridge-500,2.923578955638455,0.03802752494812012,10
997,cambridge-500,2.3377825291158683,0.02015066146850586,5
998,cambridge-500,3.794218413956469,0.03391122817993164,9
999,cambridge-500,7.69230859866713,0.020202159881591797,5
